16:23:55 ERROR    root: code for hash blake2b was not found.
Traceback (most recent call last):
  File "/Users/hdchom4/.pyenv/versions/3.11.9/Library/Frameworks/Python.framework/Versions/3.11/lib/python3.11/hashlib.py", line 307, in <module>
    globals()[__func_name] = __get_hash(__func_name)
                             ^^^^^^^^^^^^^^^^^^^^^^^
  File "/Users/hdchom4/.pyenv/versions/3.11.9/Library/Frameworks/Python.framework/Versions/3.11/lib/python3.11/hashlib.py", line 129, in __get_openssl_constructor
    return __get_builtin_constructor(name)
           ^^^^^^^^^^^^^^^^^^^^^^^^^^^^^^^
  File "/Users/hdchom4/.pyenv/versions/3.11.9/Library/Frameworks/Python.framework/Versions/3.11/lib/python3.11/hashlib.py", line 123, in __get_builtin_constructor
    raise ValueError('unsupported hash type ' + name)
ValueError: unsupported hash type blake2b
16:23:55 ERROR    root: code for hash blake2s was not found.
Traceback (most recent call last):
  File "/Users/hdchom4/.pyenv/versions/3.11.9/Library/Frameworks/Python.framework/Versions/3.11/lib/python3.11/hashlib.py", line 307, in <module>
    globals()[__func_name] = __get_hash(__func_name)
                             ^^^^^^^^^^^^^^^^^^^^^^^
  File "/Users/hdchom4/.pyenv/versions/3.11.9/Library/Frameworks/Python.framework/Versions/3.11/lib/python3.11/hashlib.py", line 129, in __get_openssl_constructor
    return __get_builtin_constructor(name)
           ^^^^^^^^^^^^^^^^^^^^^^^^^^^^^^^
  File "/Users/hdchom4/.pyenv/versions/3.11.9/Library/Frameworks/Python.framework/Versions/3.11/lib/python3.11/hashlib.py", line 123, in __get_builtin_constructor
    raise ValueError('unsupported hash type ' + name)
ValueError: unsupported hash type blake2s
16:23:55 INFO     collector.collector: Source enabled: wallhaven
16:24:52 INFO     collector.collector: Source enabled: wallhaven
16:25:14 INFO     collector.collector: Source enabled: wallhaven
16:25:14 INFO     collector.collector: === Source: wallhaven ===
16:25:14 INFO     collector.sources.wallhaven: [wallhaven] query='' tier=1 → 5 candidates
16:25:15 INFO     collector.sources.wallhaven: [wallhaven] query='dark' tier=1 → 0 candidates
16:25:16 INFO     collector.sources.wallhaven: [wallhaven] query='architecture' tier=1 → 0 candidates
16:25:17 INFO     collector.sources.wallhaven: [wallhaven] query='nature' tier=1 → 1 candidates
16:25:18 INFO     collector.sources.wallhaven: [wallhaven] query='space' tier=1 → 0 candidates
16:25:19 INFO     collector.sources.wallhaven: [wallhaven] query='minimal' tier=1 → 0 candidates
16:25:20 INFO     collector.sources.wallhaven: [wallhaven] query='city' tier=1 → 1 candidates
16:25:21 INFO     collector.sources.wallhaven: [wallhaven] query='forest' tier=1 → 0 candidates
16:25:22 INFO     collector.sources.wallhaven: [wallhaven] query='abstract' tier=1 → 0 candidates
16:25:23 INFO     collector.sources.wallhaven: [wallhaven] query='cyberpunk' tier=1 → 2 candidates
16:25:24 INFO     collector.sources.wallhaven: [wallhaven] query='mountain' tier=1 → 0 candidates
16:25:25 INFO     collector.sources.wallhaven: [wallhaven] query='photography' tier=1 → 1 candidates
16:25:26 INFO     collector.sources.wallhaven: [wallhaven] query='vertical ultrawide' tier=2 → 0 candidates
16:25:27 INFO     collector.sources.wallhaven: [wallhaven] query='portrait ultrawide' tier=2 → 0 candidates
16:25:28 INFO     collector.sources.wallhaven: [wallhaven] query='vertical wallpaper' tier=2 → 0 candidates
16:25:29 INFO     collector.sources.wallhaven: [wallhaven] query='dark architecture' tier=2 → 8 candidates
16:25:30 INFO     collector.sources.wallhaven: [wallhaven] query='minimal dark' tier=2 → 14 candidates
16:25:31 INFO     collector.sources.wallhaven: [wallhaven] query='forest night' tier=2 → 7 candidates
16:25:32 INFO     collector.sources.wallhaven: [wallhaven] query='space galaxy' tier=2 → 11 candidates
16:25:33 INFO     collector.sources.wallhaven: [wallhaven] query='city rain' tier=2 → 6 candidates
16:25:33 INFO     collector.collector: [wallhaven] 48 candidates to process
16:25:39 INFO     collector.collector: ✓ Saved: 000001.webp  (A, q=1.00)
16:25:40 WARNING  collector.collector: Normalization failed: https://wallhaven.cc/w/vqgr3l — Image too small: 3440×1440 < 1440×3440
16:25:41 WARNING  collector.collector: Normalization failed: https://wallhaven.cc/w/3l9egv — Image too small: 3440×1440 < 1440×3440
16:25:43 INFO     collector.collector: ✓ Saved: 000002.webp  (A, q=1.00)
16:25:46 INFO     collector.collector: ✓ Saved: 000003.webp  (A, q=1.00)
16:25:47 INFO     collector.collector: ✓ Saved: 000004.webp  (C, q=1.00)
16:25:47 INFO     collector.collector: ✓ Saved: 000005.webp  (C, q=1.00)
16:25:53 INFO     collector.collector: ✓ Saved: 000006.webp  (C, q=1.00)
16:25:55 INFO     collector.collector: ✓ Saved: 000007.webp  (C, q=1.00)
16:25:56 INFO     collector.collector: ✓ Saved: 000008.webp  (C, q=1.00)
16:25:57 INFO     collector.collector: ✓ Saved: 000009.webp  (C, q=0.93)
16:25:59 INFO     collector.collector: ✓ Saved: 000010.webp  (C, q=1.00)
16:25:59 INFO     collector.collector: ✓ Saved: 000011.webp  (C, q=1.00)
16:26:00 INFO     collector.collector: ✓ Saved: 000012.webp  (C, q=0.63)
16:26:01 INFO     collector.collector: ✓ Saved: 000013.webp  (C, q=1.00)
16:26:02 INFO     collector.collector: ✓ Saved: 000014.webp  (C, q=0.52)
16:26:04 INFO     collector.collector: ✓ Saved: 000015.webp  (C, q=0.48)
16:26:05 INFO     collector.collector: ✓ Saved: 000016.webp  (C, q=0.89)
16:26:08 INFO     collector.collector: ✓ Saved: 000017.webp  (C, q=0.59)
16:26:09 INFO     collector.collector: ✓ Saved: 000018.webp  (C, q=1.00)
16:26:10 INFO     collector.collector: ✓ Saved: 000019.webp  (C, q=0.39)
16:26:12 INFO     collector.collector: ✓ Saved: 000020.webp  (C, q=1.00)
16:26:13 INFO     collector.collector: ✓ Saved: 000021.webp  (C, q=1.00)
16:26:14 INFO     collector.collector: ✓ Saved: 000022.webp  (C, q=1.00)
16:26:15 INFO     collector.collector: ✓ Saved: 000023.webp  (C, q=0.62)
16:26:16 INFO     collector.collector: ✓ Saved: 000024.webp  (C, q=0.40)
16:26:17 INFO     collector.collector: ✓ Saved: 000025.webp  (C, q=0.61)
16:26:20 INFO     collector.collector: ✓ Saved: 000026.webp  (C, q=1.00)
16:26:24 INFO     collector.collector: ✓ Saved: 000027.webp  (C, q=0.55)
16:26:27 INFO     collector.collector: ✓ Saved: 000028.webp  (C, q=1.00)
16:26:28 INFO     collector.collector: ✓ Saved: 000029.webp  (C, q=0.56)
16:26:31 INFO     collector.collector: ✓ Saved: 000030.webp  (C, q=1.00)
16:26:32 INFO     collector.collector: ✓ Saved: 000031.webp  (C, q=1.00)
16:26:34 INFO     collector.collector: ✓ Saved: 000032.webp  (C, q=0.49)
16:26:35 INFO     collector.collector: ✓ Saved: 000033.webp  (C, q=1.00)
16:26:37 INFO     collector.collector: ✓ Saved: 000034.webp  (C, q=1.00)
16:26:39 INFO     collector.collector: ✓ Saved: 000035.webp  (C, q=1.00)
16:26:40 INFO     collector.collector: ✓ Saved: 000036.webp  (C, q=0.49)
16:26:41 INFO     collector.collector: ✓ Saved: 000037.webp  (C, q=1.00)
16:26:43 INFO     collector.collector: ✓ Saved: 000038.webp  (C, q=1.00)
16:26:44 INFO     collector.collector: ✓ Saved: 000039.webp  (C, q=0.94)
16:26:47 INFO     collector.collector: ✓ Saved: 000040.webp  (C, q=0.97)
16:26:48 INFO     collector.collector: ✓ Saved: 000041.webp  (C, q=0.76)
16:26:49 INFO     collector.collector: ✓ Saved: 000042.webp  (C, q=0.97)
16:26:49 INFO     collector.collector: [wallhaven] Done — accepted=42, skipped=0, rejected=6
16:31:52 INFO     collector.collector: Source enabled: wallhaven
16:31:52 INFO     collector.collector: === Source: wallhaven ===
16:31:53 INFO     collector.sources.wallhaven: [wallhaven] query='' tier=1 → 5 candidates
16:31:54 INFO     collector.sources.wallhaven: [wallhaven] query='dark' tier=1 → 0 candidates
16:31:55 INFO     collector.sources.wallhaven: [wallhaven] query='architecture' tier=1 → 0 candidates
16:31:56 INFO     collector.sources.wallhaven: [wallhaven] query='nature' tier=1 → 1 candidates
16:31:57 INFO     collector.sources.wallhaven: [wallhaven] query='space' tier=1 → 0 candidates
16:31:58 INFO     collector.sources.wallhaven: [wallhaven] query='minimal' tier=1 → 0 candidates
16:31:59 INFO     collector.sources.wallhaven: [wallhaven] query='city' tier=1 → 1 candidates
16:32:00 INFO     collector.sources.wallhaven: [wallhaven] query='forest' tier=1 → 0 candidates
16:32:01 INFO     collector.sources.wallhaven: [wallhaven] query='abstract' tier=1 → 0 candidates
16:32:02 INFO     collector.sources.wallhaven: [wallhaven] query='cyberpunk' tier=1 → 2 candidates
16:32:03 INFO     collector.sources.wallhaven: [wallhaven] query='mountain' tier=1 → 0 candidates
16:32:04 INFO     collector.sources.wallhaven: [wallhaven] query='photography' tier=1 → 1 candidates
16:32:05 INFO     collector.sources.wallhaven: [wallhaven] query='vertical ultrawide' tier=2 → 0 candidates
16:32:06 INFO     collector.sources.wallhaven: [wallhaven] query='portrait ultrawide' tier=2 → 0 candidates
16:32:07 INFO     collector.sources.wallhaven: [wallhaven] query='vertical wallpaper' tier=2 → 0 candidates
16:32:08 INFO     collector.sources.wallhaven: [wallhaven] query='dark architecture' tier=2 → 8 candidates
16:32:09 INFO     collector.sources.wallhaven: [wallhaven] query='minimal dark' tier=2 → 14 candidates
16:32:10 INFO     collector.sources.wallhaven: [wallhaven] query='forest night' tier=2 → 7 candidates
16:32:11 INFO     collector.sources.wallhaven: [wallhaven] query='space galaxy' tier=2 → 11 candidates
16:32:12 INFO     collector.sources.wallhaven: [wallhaven] query='city rain' tier=2 → 6 candidates
16:32:12 INFO     collector.collector: [wallhaven] 48 candidates to process
16:32:14 WARNING  collector.collector: Normalization failed: https://wallhaven.cc/w/vqgr3l — Image too small: 3440×1440 < 1440×3440
16:32:15 WARNING  collector.collector: Normalization failed: https://wallhaven.cc/w/3l9egv — Image too small: 3440×1440 < 1440×3440
16:32:21 INFO     collector.collector: [wallhaven] Done — accepted=0, skipped=42, rejected=6
16:32:21 INFO     collector.collector: Source enabled: wallhaven
21:14:09 INFO     collector.collector: Source enabled: wallhaven
21:14:09 INFO     collector.collector: Source enabled: reddit
21:14:09 INFO     collector.collector: Source enabled: unsplash
21:14:09 INFO     collector.collector: Source enabled: pexels
21:14:09 INFO     collector.collector: === Source: wallhaven ===
21:14:10 INFO     collector.sources.wallhaven: [wallhaven] query='' tier=1 → 5 candidates
21:14:10 INFO     collector.sources.wallhaven: [wallhaven] query='dark' tier=1 → 0 candidates
21:14:11 INFO     collector.sources.wallhaven: [wallhaven] query='architecture' tier=1 → 0 candidates
21:14:12 INFO     collector.sources.wallhaven: [wallhaven] query='nature' tier=1 → 1 candidates
21:14:13 INFO     collector.sources.wallhaven: [wallhaven] query='space' tier=1 → 0 candidates
21:14:14 INFO     collector.sources.wallhaven: [wallhaven] query='minimal' tier=1 → 0 candidates
21:14:15 INFO     collector.sources.wallhaven: [wallhaven] query='city' tier=1 → 1 candidates
21:14:16 INFO     collector.sources.wallhaven: [wallhaven] query='forest' tier=1 → 0 candidates
21:14:17 INFO     collector.sources.wallhaven: [wallhaven] query='abstract' tier=1 → 0 candidates
21:14:18 INFO     collector.sources.wallhaven: [wallhaven] query='cyberpunk' tier=1 → 2 candidates
21:14:19 INFO     collector.sources.wallhaven: [wallhaven] query='mountain' tier=1 → 0 candidates
21:14:20 INFO     collector.sources.wallhaven: [wallhaven] query='photography' tier=1 → 1 candidates
21:14:21 INFO     collector.sources.wallhaven: [wallhaven] query='vertical ultrawide' tier=2 → 0 candidates
21:14:22 INFO     collector.sources.wallhaven: [wallhaven] query='portrait ultrawide' tier=2 → 0 candidates
21:14:23 INFO     collector.sources.wallhaven: [wallhaven] query='vertical wallpaper' tier=2 → 0 candidates
21:14:24 INFO     collector.sources.wallhaven: [wallhaven] query='dark architecture' tier=2 → 8 candidates
21:14:25 INFO     collector.sources.wallhaven: [wallhaven] query='minimal dark' tier=2 → 14 candidates
21:14:26 INFO     collector.sources.wallhaven: [wallhaven] query='forest night' tier=2 → 7 candidates
21:14:27 INFO     collector.sources.wallhaven: [wallhaven] query='space galaxy' tier=2 → 11 candidates
21:14:28 INFO     collector.sources.wallhaven: [wallhaven] query='city rain' tier=2 → 6 candidates
21:14:28 INFO     collector.collector: [wallhaven] 48 candidates to process
21:14:31 WARNING  collector.collector: Normalization failed: https://wallhaven.cc/w/vqgr3l — Image too small: 3440×1440 < 1440×3440
21:14:32 WARNING  collector.collector: Normalization failed: https://wallhaven.cc/w/3l9egv — Image too small: 3440×1440 < 1440×3440
21:14:37 INFO     collector.collector: [wallhaven] Done — accepted=0, skipped=42, rejected=6
21:14:37 INFO     collector.collector: === Source: reddit ===
21:14:37 WARNING  collector.downloader: API request failed (attempt 1/3): 403 Client Error: Blocked for url: https://www.reddit.com/r/VerticalWallpapers/hot.json?limit=100&t=month — retry in 1s
21:14:39 WARNING  collector.downloader: API request failed (attempt 2/3): 403 Client Error: Blocked for url: https://www.reddit.com/r/VerticalWallpapers/hot.json?limit=100&t=month — retry in 2s
21:14:41 WARNING  collector.downloader: API request failed (attempt 3/3): 403 Client Error: Blocked for url: https://www.reddit.com/r/VerticalWallpapers/hot.json?limit=100&t=month — retry in 4s
21:14:45 ERROR    collector.sources.reddit: [reddit] r/VerticalWallpapers fetch failed: API request failed for https://www.reddit.com/r/VerticalWallpapers/hot.json: 403 Client Error: Blocked for url: https://www.reddit.com/r/VerticalWallpapers/hot.json?limit=100&t=month
21:14:45 INFO     collector.sources.reddit: [reddit] r/VerticalWallpapers → 0 candidates
21:14:46 WARNING  collector.downloader: API request failed (attempt 1/3): 403 Client Error: Blocked for url: https://www.reddit.com/r/wallpaper/hot.json?limit=100&t=month — retry in 1s
21:14:47 WARNING  collector.downloader: API request failed (attempt 2/3): 403 Client Error: Blocked for url: https://www.reddit.com/r/wallpaper/hot.json?limit=100&t=month — retry in 2s
21:14:50 WARNING  collector.downloader: API request failed (attempt 3/3): 403 Client Error: Blocked for url: https://www.reddit.com/r/wallpaper/hot.json?limit=100&t=month — retry in 4s
21:14:54 ERROR    collector.sources.reddit: [reddit] r/wallpaper fetch failed: API request failed for https://www.reddit.com/r/wallpaper/hot.json: 403 Client Error: Blocked for url: https://www.reddit.com/r/wallpaper/hot.json?limit=100&t=month
21:14:54 INFO     collector.sources.reddit: [reddit] r/wallpaper → 0 candidates
21:14:55 WARNING  collector.downloader: API request failed (attempt 1/3): 403 Client Error: Blocked for url: https://www.reddit.com/r/EarthPorn/hot.json?limit=100&t=month — retry in 1s
21:14:56 WARNING  collector.downloader: API request failed (attempt 2/3): 403 Client Error: Blocked for url: https://www.reddit.com/r/EarthPorn/hot.json?limit=100&t=month — retry in 2s
21:14:58 WARNING  collector.downloader: API request failed (attempt 3/3): 403 Client Error: Blocked for url: https://www.reddit.com/r/EarthPorn/hot.json?limit=100&t=month — retry in 4s
21:15:02 ERROR    collector.sources.reddit: [reddit] r/EarthPorn fetch failed: API request failed for https://www.reddit.com/r/EarthPorn/hot.json: 403 Client Error: Blocked for url: https://www.reddit.com/r/EarthPorn/hot.json?limit=100&t=month
21:15:02 INFO     collector.sources.reddit: [reddit] r/EarthPorn → 0 candidates
21:15:04 WARNING  collector.downloader: API request failed (attempt 1/3): 403 Client Error: Blocked for url: https://www.reddit.com/r/spaceporn/hot.json?limit=100&t=month — retry in 1s
21:15:05 WARNING  collector.downloader: API request failed (attempt 2/3): 403 Client Error: Blocked for url: https://www.reddit.com/r/spaceporn/hot.json?limit=100&t=month — retry in 2s
21:15:08 WARNING  collector.downloader: API request failed (attempt 3/3): 403 Client Error: Blocked for url: https://www.reddit.com/r/spaceporn/hot.json?limit=100&t=month — retry in 4s
21:15:12 ERROR    collector.sources.reddit: [reddit] r/spaceporn fetch failed: API request failed for https://www.reddit.com/r/spaceporn/hot.json: 403 Client Error: Blocked for url: https://www.reddit.com/r/spaceporn/hot.json?limit=100&t=month
21:15:12 INFO     collector.sources.reddit: [reddit] r/spaceporn → 0 candidates
21:15:13 WARNING  collector.downloader: API request failed (attempt 1/3): 403 Client Error: Blocked for url: https://www.reddit.com/r/CityPorn/hot.json?limit=100&t=month — retry in 1s
21:15:14 WARNING  collector.downloader: API request failed (attempt 2/3): 403 Client Error: Blocked for url: https://www.reddit.com/r/CityPorn/hot.json?limit=100&t=month — retry in 2s
21:15:16 WARNING  collector.downloader: API request failed (attempt 3/3): 403 Client Error: Blocked for url: https://www.reddit.com/r/CityPorn/hot.json?limit=100&t=month — retry in 4s
21:15:20 ERROR    collector.sources.reddit: [reddit] r/CityPorn fetch failed: API request failed for https://www.reddit.com/r/CityPorn/hot.json: 403 Client Error: Blocked for url: https://www.reddit.com/r/CityPorn/hot.json?limit=100&t=month
21:15:20 INFO     collector.sources.reddit: [reddit] r/CityPorn → 0 candidates
21:15:22 WARNING  collector.downloader: API request failed (attempt 1/3): 403 Client Error: Blocked for url: https://www.reddit.com/r/ArchitecturePorn/hot.json?limit=100&t=month — retry in 1s
21:15:23 WARNING  collector.downloader: API request failed (attempt 2/3): 403 Client Error: Blocked for url: https://www.reddit.com/r/ArchitecturePorn/hot.json?limit=100&t=month — retry in 2s
21:18:19 INFO     collector.collector: Source enabled: wallhaven
21:18:19 INFO     collector.collector: Source enabled: unsplash
21:18:19 INFO     collector.collector: Source enabled: pexels
21:18:19 INFO     collector.collector: === Source: wallhaven ===
21:18:19 INFO     collector.sources.wallhaven: [wallhaven] query='' tier=1 → 5 candidates
21:18:20 INFO     collector.sources.wallhaven: [wallhaven] query='dark' tier=1 → 0 candidates
21:18:21 INFO     collector.sources.wallhaven: [wallhaven] query='architecture' tier=1 → 0 candidates
21:18:22 INFO     collector.sources.wallhaven: [wallhaven] query='nature' tier=1 → 1 candidates
21:18:23 INFO     collector.sources.wallhaven: [wallhaven] query='space' tier=1 → 0 candidates
21:18:24 INFO     collector.sources.wallhaven: [wallhaven] query='minimal' tier=1 → 0 candidates
21:18:25 INFO     collector.sources.wallhaven: [wallhaven] query='city' tier=1 → 1 candidates
21:18:26 INFO     collector.sources.wallhaven: [wallhaven] query='forest' tier=1 → 0 candidates
21:18:27 INFO     collector.sources.wallhaven: [wallhaven] query='abstract' tier=1 → 0 candidates
21:18:28 INFO     collector.sources.wallhaven: [wallhaven] query='cyberpunk' tier=1 → 2 candidates
21:18:29 INFO     collector.sources.wallhaven: [wallhaven] query='mountain' tier=1 → 0 candidates
21:18:30 INFO     collector.sources.wallhaven: [wallhaven] query='photography' tier=1 → 1 candidates
21:18:31 INFO     collector.sources.wallhaven: [wallhaven] query='vertical ultrawide' tier=2 → 0 candidates
21:18:32 INFO     collector.sources.wallhaven: [wallhaven] query='portrait ultrawide' tier=2 → 0 candidates
21:18:33 INFO     collector.sources.wallhaven: [wallhaven] query='vertical wallpaper' tier=2 → 0 candidates
21:18:34 INFO     collector.sources.wallhaven: [wallhaven] query='dark architecture' tier=2 → 8 candidates
21:18:35 INFO     collector.sources.wallhaven: [wallhaven] query='minimal dark' tier=2 → 14 candidates
21:18:36 INFO     collector.sources.wallhaven: [wallhaven] query='forest night' tier=2 → 7 candidates
21:18:37 INFO     collector.sources.wallhaven: [wallhaven] query='space galaxy' tier=2 → 11 candidates
21:18:38 INFO     collector.sources.wallhaven: [wallhaven] query='city rain' tier=2 → 6 candidates
21:18:38 INFO     collector.collector: [wallhaven] 48 candidates to process
21:18:40 WARNING  collector.collector: Normalization failed: https://wallhaven.cc/w/vqgr3l — Image too small: 3440×1440 < 1440×3440
21:18:41 WARNING  collector.collector: Normalization failed: https://wallhaven.cc/w/3l9egv — Image too small: 3440×1440 < 1440×3440
21:18:47 INFO     collector.collector: [wallhaven] Done — accepted=0, skipped=42, rejected=6
21:18:47 INFO     collector.collector: === Source: unsplash ===
21:18:50 INFO     collector.sources.unsplash: [unsplash] q='architecture' → 100 candidates
21:18:54 INFO     collector.sources.unsplash: [unsplash] q='nature forest' → 100 candidates
21:18:58 INFO     collector.sources.unsplash: [unsplash] q='space galaxy' → 100 candidates
21:19:02 INFO     collector.sources.unsplash: [unsplash] q='city rain night' → 100 candidates
21:19:06 INFO     collector.sources.unsplash: [unsplash] q='abstract dark' → 100 candidates
21:19:10 INFO     collector.sources.unsplash: [unsplash] q='mountain landscape' → 100 candidates
21:19:10 INFO     collector.collector: [unsplash] 600 candidates to process
21:19:12 INFO     collector.collector: ✓ Saved: 000043.webp  (C, q=1.00)
21:19:13 INFO     collector.collector: ✓ Saved: 000044.webp  (C, q=0.88)
21:19:14 INFO     collector.collector: ✓ Saved: 000045.webp  (C, q=1.00)
21:19:16 INFO     collector.collector: ✓ Saved: 000046.webp  (C, q=1.00)
21:19:18 INFO     collector.collector: ✓ Saved: 000047.webp  (C, q=1.00)
21:19:21 INFO     collector.collector: ✓ Saved: 000048.webp  (C, q=1.00)
21:19:22 INFO     collector.collector: ✓ Saved: 000049.webp  (C, q=1.00)
21:19:24 INFO     collector.collector: ✓ Saved: 000050.webp  (C, q=1.00)
21:19:25 INFO     collector.collector: ✓ Saved: 000051.webp  (C, q=1.00)
21:19:27 INFO     collector.collector: ✓ Saved: 000052.webp  (C, q=1.00)
21:19:28 INFO     collector.collector: ✓ Saved: 000053.webp  (C, q=1.00)
21:19:30 INFO     collector.collector: ✓ Saved: 000054.webp  (C, q=0.67)
21:19:31 INFO     collector.collector: ✓ Saved: 000055.webp  (C, q=1.00)
21:19:33 INFO     collector.collector: ✓ Saved: 000056.webp  (C, q=0.82)
21:19:34 INFO     collector.collector: ✓ Saved: 000057.webp  (C, q=1.00)
21:19:36 INFO     collector.collector: ✓ Saved: 000058.webp  (C, q=0.67)
21:19:38 INFO     collector.collector: ✓ Saved: 000059.webp  (C, q=0.90)
21:19:39 INFO     collector.collector: ✓ Saved: 000060.webp  (C, q=1.00)
21:19:40 INFO     collector.collector: ✓ Saved: 000061.webp  (C, q=0.94)
21:19:41 INFO     collector.collector: ✓ Saved: 000062.webp  (C, q=0.66)
21:19:44 INFO     collector.collector: ✓ Saved: 000063.webp  (C, q=0.26)
21:19:45 INFO     collector.collector: ✓ Saved: 000064.webp  (C, q=1.00)
21:19:47 INFO     collector.collector: ✓ Saved: 000065.webp  (C, q=1.00)
21:19:49 INFO     collector.collector: ✓ Saved: 000066.webp  (C, q=0.74)
21:19:52 INFO     collector.collector: ✓ Saved: 000067.webp  (C, q=1.00)
21:19:53 INFO     collector.collector: ✓ Saved: 000068.webp  (C, q=1.00)
21:19:54 INFO     collector.collector: ✓ Saved: 000069.webp  (C, q=0.98)
21:19:56 INFO     collector.collector: ✓ Saved: 000070.webp  (C, q=1.00)
21:19:57 INFO     collector.collector: ✓ Saved: 000071.webp  (C, q=1.00)
21:19:59 INFO     collector.collector: ✓ Saved: 000072.webp  (C, q=1.00)
21:20:00 INFO     collector.collector: ✓ Saved: 000073.webp  (C, q=1.00)
21:20:03 INFO     collector.collector: ✓ Saved: 000074.webp  (C, q=1.00)
21:20:05 INFO     collector.collector: ✓ Saved: 000075.webp  (C, q=1.00)
21:20:06 INFO     collector.collector: ✓ Saved: 000076.webp  (C, q=0.85)
21:20:08 INFO     collector.collector: ✓ Saved: 000077.webp  (C, q=0.61)
21:20:10 INFO     collector.collector: ✓ Saved: 000078.webp  (C, q=1.00)
21:20:11 INFO     collector.collector: ✓ Saved: 000079.webp  (C, q=0.65)
21:20:13 INFO     collector.collector: ✓ Saved: 000080.webp  (C, q=1.00)
21:20:16 INFO     collector.collector: ✓ Saved: 000081.webp  (C, q=1.00)
21:20:17 INFO     collector.collector: ✓ Saved: 000082.webp  (C, q=1.00)
21:20:18 INFO     collector.collector: ✓ Saved: 000083.webp  (C, q=1.00)
21:20:19 INFO     collector.collector: ✓ Saved: 000084.webp  (C, q=0.97)
21:20:21 INFO     collector.collector: ✓ Saved: 000085.webp  (C, q=1.00)
21:20:22 INFO     collector.collector: ✓ Saved: 000086.webp  (C, q=1.00)
21:20:23 INFO     collector.collector: ✓ Saved: 000087.webp  (C, q=1.00)
21:20:24 INFO     collector.collector: ✓ Saved: 000088.webp  (C, q=0.57)
21:20:26 INFO     collector.collector: ✓ Saved: 000089.webp  (C, q=1.00)
21:20:27 INFO     collector.collector: ✓ Saved: 000090.webp  (C, q=1.00)
21:20:30 INFO     collector.collector: ✓ Saved: 000091.webp  (C, q=1.00)
21:20:33 INFO     collector.collector: ✓ Saved: 000092.webp  (C, q=1.00)
21:20:34 INFO     collector.collector: ✓ Saved: 000093.webp  (C, q=1.00)
21:20:36 INFO     collector.collector: ✓ Saved: 000094.webp  (C, q=1.00)
21:20:38 INFO     collector.collector: ✓ Saved: 000095.webp  (C, q=1.00)
21:20:39 INFO     collector.collector: ✓ Saved: 000096.webp  (C, q=1.00)
21:20:40 INFO     collector.collector: ✓ Saved: 000097.webp  (C, q=0.52)
21:20:42 INFO     collector.collector: ✓ Saved: 000098.webp  (C, q=1.00)
21:20:43 INFO     collector.collector: ✓ Saved: 000099.webp  (C, q=1.00)
21:20:45 INFO     collector.collector: ✓ Saved: 000100.webp  (C, q=1.00)
21:20:48 INFO     collector.collector: ✓ Saved: 000101.webp  (C, q=1.00)
21:20:49 INFO     collector.collector: ✓ Saved: 000102.webp  (C, q=0.88)
21:20:50 INFO     collector.collector: ✓ Saved: 000103.webp  (C, q=1.00)
21:20:51 INFO     collector.collector: ✓ Saved: 000104.webp  (C, q=0.30)
21:20:52 INFO     collector.collector: ✓ Saved: 000105.webp  (C, q=1.00)
21:20:56 INFO     collector.collector: ✓ Saved: 000106.webp  (C, q=1.00)
21:20:58 INFO     collector.collector: ✓ Saved: 000107.webp  (C, q=1.00)
21:20:59 INFO     collector.collector: ✓ Saved: 000108.webp  (C, q=1.00)
21:21:01 INFO     collector.collector: ✓ Saved: 000109.webp  (C, q=0.65)
21:21:02 INFO     collector.collector: ✓ Saved: 000110.webp  (C, q=0.62)
21:21:04 INFO     collector.collector: ✓ Saved: 000111.webp  (C, q=1.00)
21:21:20 INFO     collector.collector: Source enabled: wallhaven
21:21:20 INFO     collector.collector: Source enabled: unsplash
21:21:20 INFO     collector.collector: Source enabled: pexels
21:21:20 INFO     collector.collector: === Source: wallhaven ===
21:21:20 INFO     collector.sources.wallhaven: [wallhaven] query='' tier=1 → 5 candidates
21:21:21 INFO     collector.sources.wallhaven: [wallhaven] query='dark' tier=1 → 0 candidates
21:21:22 INFO     collector.sources.wallhaven: [wallhaven] query='architecture' tier=1 → 0 candidates
21:21:23 INFO     collector.sources.wallhaven: [wallhaven] query='nature' tier=1 → 1 candidates
21:21:24 INFO     collector.sources.wallhaven: [wallhaven] query='space' tier=1 → 0 candidates
21:21:25 INFO     collector.sources.wallhaven: [wallhaven] query='minimal' tier=1 → 0 candidates
21:21:26 INFO     collector.sources.wallhaven: [wallhaven] query='city' tier=1 → 1 candidates
21:21:27 INFO     collector.sources.wallhaven: [wallhaven] query='forest' tier=1 → 0 candidates
21:21:28 INFO     collector.sources.wallhaven: [wallhaven] query='abstract' tier=1 → 0 candidates
21:21:29 INFO     collector.sources.wallhaven: [wallhaven] query='cyberpunk' tier=1 → 2 candidates
21:21:30 INFO     collector.sources.wallhaven: [wallhaven] query='mountain' tier=1 → 0 candidates
21:21:31 INFO     collector.sources.wallhaven: [wallhaven] query='photography' tier=1 → 1 candidates
21:21:32 INFO     collector.sources.wallhaven: [wallhaven] query='vertical ultrawide' tier=2 → 0 candidates
21:21:33 INFO     collector.sources.wallhaven: [wallhaven] query='portrait ultrawide' tier=2 → 0 candidates
21:21:34 INFO     collector.sources.wallhaven: [wallhaven] query='vertical wallpaper' tier=2 → 0 candidates
21:21:35 INFO     collector.sources.wallhaven: [wallhaven] query='dark architecture' tier=2 → 8 candidates
21:21:36 INFO     collector.sources.wallhaven: [wallhaven] query='minimal dark' tier=2 → 14 candidates
21:21:37 INFO     collector.sources.wallhaven: [wallhaven] query='forest night' tier=2 → 7 candidates
21:21:38 INFO     collector.sources.wallhaven: [wallhaven] query='space galaxy' tier=2 → 11 candidates
21:21:39 INFO     collector.sources.wallhaven: [wallhaven] query='city rain' tier=2 → 6 candidates
21:21:39 INFO     collector.collector: [wallhaven] 48 candidates to process
21:21:41 WARNING  collector.collector: Normalization failed: https://wallhaven.cc/w/vqgr3l — Image too small: 3440×1440 < 1440×3440
21:21:42 WARNING  collector.collector: Normalization failed: https://wallhaven.cc/w/3l9egv — Image too small: 3440×1440 < 1440×3440
21:21:48 INFO     collector.collector: [wallhaven] Done — accepted=0, skipped=42, rejected=6
21:21:48 INFO     collector.collector: === Source: unsplash ===
21:21:49 INFO     collector.sources.unsplash: [unsplash] q='architecture' → 30 candidates
21:21:51 INFO     collector.sources.unsplash: [unsplash] q='nature forest' → 30 candidates
21:21:53 INFO     collector.sources.unsplash: [unsplash] q='space galaxy' → 30 candidates
21:21:55 INFO     collector.sources.unsplash: [unsplash] q='city rain night' → 30 candidates
21:21:56 INFO     collector.sources.unsplash: [unsplash] q='abstract dark' → 30 candidates
21:21:58 INFO     collector.sources.unsplash: [unsplash] q='mountain landscape' → 30 candidates
21:21:58 INFO     collector.collector: [unsplash] 180 candidates to process
21:21:58 INFO     collector.collector: ✓ Saved: 000043.webp  (C, q=1.00)
21:21:59 INFO     collector.collector: ✓ Saved: 000044.webp  (C, q=0.88)
21:22:00 INFO     collector.collector: ✓ Saved: 000045.webp  (C, q=1.00)
21:22:02 INFO     collector.collector: ✓ Saved: 000046.webp  (C, q=1.00)
21:22:03 INFO     collector.collector: ✓ Saved: 000047.webp  (C, q=1.00)
21:22:04 INFO     collector.collector: ✓ Saved: 000048.webp  (C, q=1.00)
21:22:05 INFO     collector.collector: ✓ Saved: 000049.webp  (C, q=1.00)
21:22:06 INFO     collector.collector: ✓ Saved: 000050.webp  (C, q=1.00)
21:22:07 INFO     collector.collector: ✓ Saved: 000051.webp  (C, q=1.00)
21:22:08 INFO     collector.collector: ✓ Saved: 000052.webp  (C, q=1.00)
21:22:09 INFO     collector.collector: ✓ Saved: 000053.webp  (C, q=1.00)
21:22:10 INFO     collector.collector: ✓ Saved: 000054.webp  (C, q=0.67)
21:22:11 INFO     collector.collector: ✓ Saved: 000055.webp  (C, q=1.00)
21:22:12 INFO     collector.collector: ✓ Saved: 000056.webp  (C, q=0.82)
21:22:13 INFO     collector.collector: ✓ Saved: 000057.webp  (C, q=1.00)
21:22:14 INFO     collector.collector: ✓ Saved: 000058.webp  (C, q=0.67)
21:22:15 INFO     collector.collector: ✓ Saved: 000059.webp  (C, q=0.90)
21:22:16 INFO     collector.collector: ✓ Saved: 000060.webp  (C, q=1.00)
21:22:17 INFO     collector.collector: ✓ Saved: 000061.webp  (C, q=0.94)
21:22:18 INFO     collector.collector: ✓ Saved: 000062.webp  (C, q=0.66)
21:22:19 INFO     collector.collector: ✓ Saved: 000063.webp  (C, q=0.26)
21:22:20 INFO     collector.collector: ✓ Saved: 000064.webp  (C, q=1.00)
21:22:21 INFO     collector.collector: ✓ Saved: 000065.webp  (C, q=1.00)
21:22:23 INFO     collector.collector: ✓ Saved: 000066.webp  (C, q=0.74)
21:22:24 INFO     collector.collector: ✓ Saved: 000067.webp  (C, q=1.00)
21:22:25 INFO     collector.collector: ✓ Saved: 000068.webp  (C, q=1.00)
21:22:26 INFO     collector.collector: ✓ Saved: 000069.webp  (C, q=0.98)
21:22:27 INFO     collector.collector: ✓ Saved: 000070.webp  (C, q=1.00)
21:22:28 INFO     collector.collector: ✓ Saved: 000071.webp  (C, q=1.00)
21:22:29 INFO     collector.collector: ✓ Saved: 000072.webp  (C, q=1.00)
21:22:31 INFO     collector.collector: ✓ Saved: 000073.webp  (C, q=1.00)
21:22:34 INFO     collector.collector: ✓ Saved: 000074.webp  (C, q=1.00)
21:22:36 INFO     collector.collector: ✓ Saved: 000075.webp  (C, q=1.00)
21:22:38 INFO     collector.collector: ✓ Saved: 000076.webp  (C, q=1.00)
21:22:40 INFO     collector.collector: ✓ Saved: 000077.webp  (C, q=1.00)
21:22:41 INFO     collector.collector: ✓ Saved: 000078.webp  (C, q=0.80)
21:22:48 INFO     collector.collector: ✓ Saved: 000079.webp  (C, q=1.00)
21:22:50 INFO     collector.collector: ✓ Saved: 000080.webp  (C, q=1.00)
21:22:53 INFO     collector.collector: ✓ Saved: 000081.webp  (C, q=1.00)
21:22:56 INFO     collector.collector: ✓ Saved: 000082.webp  (C, q=0.99)
21:22:59 INFO     collector.collector: ✓ Saved: 000083.webp  (C, q=1.00)
21:23:00 INFO     collector.collector: ✓ Saved: 000084.webp  (C, q=1.00)
21:23:03 INFO     collector.collector: ✓ Saved: 000085.webp  (C, q=1.00)
21:23:05 INFO     collector.collector: ✓ Saved: 000086.webp  (C, q=0.92)
21:23:07 INFO     collector.collector: ✓ Saved: 000087.webp  (C, q=0.86)
21:23:09 INFO     collector.collector: ✓ Saved: 000088.webp  (C, q=1.00)
21:23:11 INFO     collector.collector: ✓ Saved: 000089.webp  (C, q=1.00)
21:23:13 INFO     collector.collector: ✓ Saved: 000090.webp  (C, q=0.57)
21:23:14 INFO     collector.collector: ✓ Saved: 000091.webp  (C, q=0.94)
21:23:17 INFO     collector.collector: ✓ Saved: 000092.webp  (C, q=1.00)
21:23:19 INFO     collector.collector: ✓ Saved: 000093.webp  (C, q=1.00)
21:23:21 INFO     collector.collector: ✓ Saved: 000094.webp  (C, q=0.95)
21:23:23 INFO     collector.collector: ✓ Saved: 000095.webp  (C, q=1.00)
21:23:25 INFO     collector.collector: ✓ Saved: 000096.webp  (C, q=1.00)
21:23:27 INFO     collector.collector: ✓ Saved: 000097.webp  (C, q=0.78)
21:23:28 INFO     collector.collector: ✓ Saved: 000098.webp  (C, q=1.00)
21:23:30 INFO     collector.collector: ✓ Saved: 000099.webp  (C, q=1.00)
21:23:32 INFO     collector.collector: ✓ Saved: 000100.webp  (C, q=0.88)
21:23:35 INFO     collector.collector: ✓ Saved: 000101.webp  (C, q=1.00)
21:23:37 INFO     collector.collector: ✓ Saved: 000102.webp  (C, q=0.80)
21:23:39 INFO     collector.collector: ✓ Saved: 000103.webp  (C, q=0.98)
21:23:42 INFO     collector.collector: ✓ Saved: 000104.webp  (C, q=1.00)
21:23:43 INFO     collector.collector: ✓ Saved: 000105.webp  (C, q=1.00)
21:23:47 INFO     collector.collector: ✓ Saved: 000106.webp  (C, q=0.99)
21:23:50 INFO     collector.collector: ✓ Saved: 000107.webp  (C, q=1.00)
21:23:52 INFO     collector.collector: ✓ Saved: 000108.webp  (C, q=0.92)
21:23:56 INFO     collector.collector: ✓ Saved: 000109.webp  (C, q=1.00)
21:23:59 INFO     collector.collector: ✓ Saved: 000110.webp  (C, q=1.00)
21:24:01 INFO     collector.collector: ✓ Saved: 000111.webp  (C, q=1.00)
21:24:03 INFO     collector.collector: ✓ Saved: 000112.webp  (C, q=0.74)
21:24:06 INFO     collector.collector: ✓ Saved: 000113.webp  (C, q=0.91)
21:24:08 INFO     collector.collector: ✓ Saved: 000114.webp  (C, q=1.00)
21:24:10 INFO     collector.collector: ✓ Saved: 000115.webp  (C, q=0.87)
21:24:12 INFO     collector.collector: ✓ Saved: 000116.webp  (C, q=0.92)
21:24:14 INFO     collector.collector: ✓ Saved: 000117.webp  (C, q=1.00)
21:24:16 INFO     collector.collector: ✓ Saved: 000118.webp  (C, q=0.86)
21:24:18 INFO     collector.collector: ✓ Saved: 000119.webp  (C, q=1.00)
21:24:21 INFO     collector.collector: ✓ Saved: 000120.webp  (C, q=0.73)
21:24:23 INFO     collector.collector: ✓ Saved: 000121.webp  (C, q=1.00)
21:24:26 INFO     collector.collector: ✓ Saved: 000122.webp  (C, q=1.00)
21:24:30 INFO     collector.collector: ✓ Saved: 000123.webp  (C, q=0.94)
21:24:34 INFO     collector.collector: ✓ Saved: 000124.webp  (C, q=1.00)
21:24:37 INFO     collector.collector: ✓ Saved: 000125.webp  (C, q=1.00)
21:24:38 INFO     collector.collector: ✓ Saved: 000126.webp  (C, q=1.00)
21:24:41 INFO     collector.collector: ✓ Saved: 000127.webp  (C, q=0.64)
21:24:43 INFO     collector.collector: ✓ Saved: 000128.webp  (C, q=0.92)
21:24:47 INFO     collector.collector: ✓ Saved: 000129.webp  (C, q=0.82)
21:24:51 INFO     collector.collector: ✓ Saved: 000130.webp  (C, q=1.00)
21:24:55 INFO     collector.collector: ✓ Saved: 000131.webp  (C, q=1.00)
21:24:57 INFO     collector.collector: ✓ Saved: 000132.webp  (C, q=1.00)
21:25:00 INFO     collector.collector: ✓ Saved: 000133.webp  (C, q=0.83)
21:25:03 INFO     collector.collector: ✓ Saved: 000134.webp  (C, q=1.00)
21:25:05 INFO     collector.collector: ✓ Saved: 000135.webp  (C, q=1.00)
21:25:06 INFO     collector.collector: ✓ Saved: 000136.webp  (C, q=0.97)
21:25:08 INFO     collector.collector: ✓ Saved: 000137.webp  (C, q=0.57)
21:25:10 INFO     collector.collector: ✓ Saved: 000138.webp  (C, q=1.00)
21:25:11 INFO     collector.collector: ✓ Saved: 000139.webp  (C, q=0.88)
21:25:13 INFO     collector.collector: ✓ Saved: 000140.webp  (C, q=1.00)
21:25:16 INFO     collector.collector: ✓ Saved: 000141.webp  (C, q=1.00)
21:25:17 INFO     collector.collector: ✓ Saved: 000142.webp  (C, q=1.00)
21:25:19 INFO     collector.collector: ✓ Saved: 000143.webp  (C, q=1.00)
21:25:21 INFO     collector.collector: ✓ Saved: 000144.webp  (C, q=0.54)
21:25:23 INFO     collector.collector: ✓ Saved: 000145.webp  (C, q=0.78)
21:25:24 INFO     collector.collector: ✓ Saved: 000146.webp  (C, q=0.65)
21:25:26 INFO     collector.collector: ✓ Saved: 000147.webp  (C, q=1.00)
21:25:28 INFO     collector.collector: ✓ Saved: 000148.webp  (C, q=0.99)
21:25:30 INFO     collector.collector: ✓ Saved: 000149.webp  (C, q=1.00)
21:25:32 INFO     collector.collector: ✓ Saved: 000150.webp  (C, q=0.96)
21:25:35 INFO     collector.collector: ✓ Saved: 000151.webp  (C, q=1.00)
21:25:36 INFO     collector.collector: ✓ Saved: 000152.webp  (C, q=1.00)
21:25:38 INFO     collector.collector: ✓ Saved: 000153.webp  (C, q=1.00)
21:25:40 INFO     collector.collector: ✓ Saved: 000154.webp  (C, q=1.00)
21:25:42 INFO     collector.collector: ✓ Saved: 000155.webp  (C, q=0.60)
21:25:43 INFO     collector.collector: ✓ Saved: 000156.webp  (C, q=0.86)
21:25:45 INFO     collector.collector: ✓ Saved: 000157.webp  (C, q=0.82)
21:25:47 INFO     collector.collector: ✓ Saved: 000158.webp  (C, q=1.00)
21:25:49 INFO     collector.collector: ✓ Saved: 000159.webp  (C, q=1.00)
21:25:51 INFO     collector.collector: ✓ Saved: 000160.webp  (C, q=1.00)
21:25:53 INFO     collector.collector: ✓ Saved: 000161.webp  (C, q=1.00)
21:25:55 INFO     collector.collector: ✓ Saved: 000162.webp  (C, q=0.77)
21:25:59 INFO     collector.collector: ✓ Saved: 000163.webp  (C, q=0.81)
21:26:03 INFO     collector.collector: ✓ Saved: 000164.webp  (C, q=1.00)
21:26:13 INFO     collector.collector: ✓ Saved: 000165.webp  (C, q=0.45)
21:26:14 INFO     collector.collector: ✓ Saved: 000166.webp  (C, q=0.90)
21:26:21 INFO     collector.collector: ✓ Saved: 000167.webp  (C, q=1.00)
21:26:23 INFO     collector.collector: ✓ Saved: 000168.webp  (C, q=0.47)
21:26:23 INFO     collector.collector: ✓ Saved: 000169.webp  (C, q=0.26)
21:26:25 INFO     collector.collector: ✓ Saved: 000170.webp  (C, q=0.51)
21:26:27 INFO     collector.collector: ✓ Saved: 000171.webp  (C, q=0.57)
21:26:29 INFO     collector.collector: ✓ Saved: 000172.webp  (C, q=0.83)
21:26:30 INFO     collector.collector: ✓ Saved: 000173.webp  (C, q=0.39)
21:26:34 INFO     collector.collector: ✓ Saved: 000174.webp  (C, q=0.55)
21:26:36 INFO     collector.collector: ✓ Saved: 000175.webp  (C, q=0.93)
21:26:41 INFO     collector.collector: ✓ Saved: 000176.webp  (C, q=0.54)
21:26:42 INFO     collector.collector: ✓ Saved: 000177.webp  (C, q=0.84)
21:26:44 INFO     collector.collector: ✓ Saved: 000178.webp  (C, q=0.57)
21:26:47 INFO     collector.collector: ✓ Saved: 000179.webp  (C, q=0.80)
21:26:49 INFO     collector.collector: ✓ Saved: 000180.webp  (C, q=0.70)
21:26:51 INFO     collector.collector: ✓ Saved: 000181.webp  (C, q=0.44)
21:26:53 INFO     collector.collector: ✓ Saved: 000182.webp  (C, q=0.86)
21:26:56 INFO     collector.collector: ✓ Saved: 000183.webp  (C, q=1.00)
21:26:57 INFO     collector.collector: ✓ Saved: 000184.webp  (C, q=1.00)
21:26:59 INFO     collector.collector: ✓ Saved: 000185.webp  (C, q=1.00)
21:27:01 INFO     collector.collector: ✓ Saved: 000186.webp  (C, q=0.68)
21:27:08 INFO     collector.collector: ✓ Saved: 000187.webp  (C, q=1.00)
21:27:10 INFO     collector.collector: ✓ Saved: 000188.webp  (C, q=1.00)
21:27:12 INFO     collector.collector: ✓ Saved: 000189.webp  (C, q=1.00)
21:27:15 INFO     collector.collector: ✓ Saved: 000190.webp  (C, q=1.00)
21:27:17 INFO     collector.collector: ✓ Saved: 000191.webp  (C, q=1.00)
21:27:20 INFO     collector.collector: ✓ Saved: 000192.webp  (C, q=1.00)
21:27:21 INFO     collector.collector: ✓ Saved: 000193.webp  (C, q=0.54)
21:27:23 INFO     collector.collector: ✓ Saved: 000194.webp  (C, q=1.00)
21:27:25 INFO     collector.collector: ✓ Saved: 000195.webp  (C, q=1.00)
21:27:26 INFO     collector.collector: ✓ Saved: 000196.webp  (C, q=1.00)
21:27:29 INFO     collector.collector: ✓ Saved: 000197.webp  (C, q=1.00)
21:27:34 INFO     collector.collector: ✓ Saved: 000198.webp  (C, q=1.00)
21:27:37 INFO     collector.collector: ✓ Saved: 000199.webp  (C, q=1.00)
21:27:38 INFO     collector.collector: ✓ Saved: 000200.webp  (C, q=0.66)
21:27:39 INFO     collector.collector: ✓ Saved: 000201.webp  (C, q=0.68)
21:27:41 INFO     collector.collector: ✓ Saved: 000202.webp  (C, q=1.00)
21:27:43 INFO     collector.collector: ✓ Saved: 000203.webp  (C, q=1.00)
21:27:45 INFO     collector.collector: ✓ Saved: 000204.webp  (C, q=1.00)
21:27:46 INFO     collector.collector: ✓ Saved: 000205.webp  (C, q=1.00)
21:27:48 INFO     collector.collector: ✓ Saved: 000206.webp  (C, q=1.00)
21:27:50 INFO     collector.collector: ✓ Saved: 000207.webp  (C, q=1.00)
21:27:51 INFO     collector.collector: ✓ Saved: 000208.webp  (C, q=1.00)
21:27:53 INFO     collector.collector: ✓ Saved: 000209.webp  (C, q=0.75)
21:27:54 INFO     collector.collector: ✓ Saved: 000210.webp  (C, q=1.00)
21:27:56 INFO     collector.collector: ✓ Saved: 000211.webp  (C, q=1.00)
21:27:58 INFO     collector.collector: ✓ Saved: 000212.webp  (C, q=0.65)
21:27:58 INFO     collector.collector: [unsplash] Done — accepted=170, skipped=2, rejected=8
21:27:58 INFO     collector.collector: === Source: pexels ===
21:27:59 INFO     collector.sources.pexels: [pexels] q='portrait architecture' → 30 candidates
21:28:00 INFO     collector.sources.pexels: [pexels] q='dark forest' → 30 candidates
21:28:01 INFO     collector.sources.pexels: [pexels] q='night city' → 30 candidates
21:28:02 INFO     collector.sources.pexels: [pexels] q='space nebula' → 30 candidates
21:28:03 INFO     collector.sources.pexels: [pexels] q='abstract' → 30 candidates
21:28:03 INFO     collector.collector: [pexels] 150 candidates to process
21:28:05 INFO     collector.collector: ✓ Saved: 000213.webp  (C, q=0.48)
21:28:07 INFO     collector.collector: ✓ Saved: 000214.webp  (C, q=1.00)
21:28:09 INFO     collector.collector: ✓ Saved: 000215.webp  (C, q=1.00)
21:28:10 INFO     collector.collector: ✓ Saved: 000216.webp  (C, q=0.72)
21:28:12 INFO     collector.collector: ✓ Saved: 000217.webp  (C, q=0.63)
21:28:13 INFO     collector.collector: ✓ Saved: 000218.webp  (C, q=0.64)
21:28:14 INFO     collector.collector: ✓ Saved: 000219.webp  (C, q=1.00)
21:28:16 INFO     collector.collector: ✓ Saved: 000220.webp  (C, q=0.78)
21:28:18 INFO     collector.collector: ✓ Saved: 000221.webp  (C, q=1.00)
21:28:19 INFO     collector.collector: ✓ Saved: 000222.webp  (C, q=0.93)
21:28:21 INFO     collector.collector: ✓ Saved: 000223.webp  (C, q=1.00)
21:28:23 INFO     collector.collector: ✓ Saved: 000224.webp  (C, q=0.73)
21:28:24 INFO     collector.collector: ✓ Saved: 000225.webp  (C, q=1.00)
21:28:26 INFO     collector.collector: ✓ Saved: 000226.webp  (C, q=0.95)
21:28:27 INFO     collector.collector: ✓ Saved: 000227.webp  (C, q=0.53)
21:28:29 INFO     collector.collector: ✓ Saved: 000228.webp  (C, q=1.00)
21:28:30 INFO     collector.collector: ✓ Saved: 000229.webp  (C, q=0.70)
21:28:31 INFO     collector.collector: ✓ Saved: 000230.webp  (C, q=0.61)
21:28:33 INFO     collector.collector: ✓ Saved: 000231.webp  (C, q=0.59)
21:28:34 INFO     collector.collector: ✓ Saved: 000232.webp  (C, q=1.00)
21:28:36 INFO     collector.collector: ✓ Saved: 000233.webp  (C, q=1.00)
21:28:38 INFO     collector.collector: ✓ Saved: 000234.webp  (C, q=0.70)
21:28:40 INFO     collector.collector: ✓ Saved: 000235.webp  (C, q=0.50)
21:28:43 INFO     collector.collector: ✓ Saved: 000236.webp  (C, q=0.58)
21:28:45 INFO     collector.collector: ✓ Saved: 000237.webp  (C, q=1.00)
21:28:46 INFO     collector.collector: ✓ Saved: 000238.webp  (C, q=1.00)
21:28:48 INFO     collector.collector: ✓ Saved: 000239.webp  (C, q=0.83)
21:28:49 INFO     collector.collector: ✓ Saved: 000240.webp  (C, q=0.71)
21:28:50 INFO     collector.collector: ✓ Saved: 000241.webp  (C, q=1.00)
21:28:52 INFO     collector.collector: ✓ Saved: 000242.webp  (C, q=0.73)
21:28:53 INFO     collector.collector: ✓ Saved: 000243.webp  (C, q=0.95)
21:28:54 INFO     collector.collector: ✓ Saved: 000244.webp  (C, q=1.00)
21:28:56 INFO     collector.collector: ✓ Saved: 000245.webp  (C, q=0.94)
21:28:57 INFO     collector.collector: ✓ Saved: 000246.webp  (C, q=1.00)
21:29:00 INFO     collector.collector: ✓ Saved: 000247.webp  (C, q=1.00)
21:29:02 INFO     collector.collector: ✓ Saved: 000248.webp  (C, q=1.00)
21:29:03 INFO     collector.collector: ✓ Saved: 000249.webp  (C, q=1.00)
21:29:05 INFO     collector.collector: ✓ Saved: 000250.webp  (C, q=0.75)
21:29:07 INFO     collector.collector: ✓ Saved: 000251.webp  (C, q=1.00)
21:29:08 INFO     collector.collector: ✓ Saved: 000252.webp  (C, q=1.00)
21:29:10 INFO     collector.collector: ✓ Saved: 000253.webp  (C, q=1.00)
21:29:12 INFO     collector.collector: ✓ Saved: 000254.webp  (C, q=0.91)
21:29:13 INFO     collector.collector: ✓ Saved: 000255.webp  (C, q=0.87)
21:29:15 INFO     collector.collector: ✓ Saved: 000256.webp  (C, q=1.00)
21:29:17 INFO     collector.collector: ✓ Saved: 000257.webp  (C, q=1.00)
21:29:18 INFO     collector.collector: ✓ Saved: 000258.webp  (C, q=1.00)
21:29:20 INFO     collector.collector: ✓ Saved: 000259.webp  (C, q=0.85)
21:29:21 INFO     collector.collector: ✓ Saved: 000260.webp  (C, q=1.00)
21:29:23 INFO     collector.collector: ✓ Saved: 000261.webp  (C, q=0.60)
21:29:28 INFO     collector.collector: ✓ Saved: 000262.webp  (C, q=0.91)
21:29:30 INFO     collector.collector: ✓ Saved: 000263.webp  (C, q=1.00)
21:29:32 INFO     collector.collector: ✓ Saved: 000264.webp  (C, q=1.00)
21:29:34 INFO     collector.collector: ✓ Saved: 000265.webp  (C, q=1.00)
21:29:36 INFO     collector.collector: ✓ Saved: 000266.webp  (C, q=0.99)
21:29:37 INFO     collector.collector: ✓ Saved: 000267.webp  (C, q=0.85)
21:29:39 INFO     collector.collector: ✓ Saved: 000268.webp  (C, q=1.00)
21:29:41 INFO     collector.collector: ✓ Saved: 000269.webp  (C, q=0.58)
21:29:42 INFO     collector.collector: ✓ Saved: 000270.webp  (C, q=1.00)
21:29:44 INFO     collector.collector: ✓ Saved: 000271.webp  (C, q=1.00)
21:29:45 INFO     collector.collector: ✓ Saved: 000272.webp  (C, q=0.89)
21:29:46 INFO     collector.collector: ✓ Saved: 000273.webp  (C, q=1.00)
21:29:47 INFO     collector.collector: ✓ Saved: 000274.webp  (C, q=0.64)
21:29:48 INFO     collector.collector: ✓ Saved: 000275.webp  (C, q=0.96)
21:29:49 INFO     collector.collector: ✓ Saved: 000276.webp  (C, q=0.97)
21:29:50 INFO     collector.collector: ✓ Saved: 000277.webp  (C, q=1.00)
21:29:52 INFO     collector.collector: ✓ Saved: 000278.webp  (C, q=1.00)
21:29:53 INFO     collector.collector: ✓ Saved: 000279.webp  (C, q=1.00)
21:29:53 INFO     collector.collector: ✓ Saved: 000280.webp  (C, q=0.91)
21:29:56 INFO     collector.collector: ✓ Saved: 000281.webp  (C, q=1.00)
21:29:58 INFO     collector.collector: ✓ Saved: 000282.webp  (C, q=1.00)
21:29:59 INFO     collector.collector: ✓ Saved: 000283.webp  (C, q=1.00)
21:30:01 INFO     collector.collector: ✓ Saved: 000284.webp  (C, q=1.00)
21:30:02 INFO     collector.collector: ✓ Saved: 000285.webp  (C, q=1.00)
21:30:03 INFO     collector.collector: ✓ Saved: 000286.webp  (C, q=1.00)
21:30:05 INFO     collector.collector: ✓ Saved: 000287.webp  (C, q=1.00)
21:30:13 INFO     collector.collector: ✓ Saved: 000288.webp  (C, q=0.49)
21:30:14 INFO     collector.collector: ✓ Saved: 000289.webp  (C, q=0.82)
21:30:15 INFO     collector.collector: ✓ Saved: 000290.webp  (C, q=1.00)
21:30:16 INFO     collector.collector: ✓ Saved: 000291.webp  (C, q=1.00)
21:30:18 INFO     collector.collector: ✓ Saved: 000292.webp  (C, q=1.00)
21:30:19 INFO     collector.collector: ✓ Saved: 000293.webp  (C, q=1.00)
21:30:20 INFO     collector.collector: ✓ Saved: 000294.webp  (C, q=1.00)
21:30:21 INFO     collector.collector: ✓ Saved: 000295.webp  (C, q=1.00)
21:30:23 INFO     collector.collector: ✓ Saved: 000296.webp  (C, q=1.00)
21:30:25 INFO     collector.collector: ✓ Saved: 000297.webp  (C, q=0.89)
21:30:26 INFO     collector.collector: ✓ Saved: 000298.webp  (C, q=1.00)
21:30:28 INFO     collector.collector: ✓ Saved: 000299.webp  (C, q=1.00)
21:30:30 INFO     collector.collector: ✓ Saved: 000300.webp  (C, q=0.91)
21:30:31 INFO     collector.collector: ✓ Saved: 000301.webp  (C, q=0.82)
21:30:32 INFO     collector.collector: ✓ Saved: 000302.webp  (C, q=0.77)
21:30:33 INFO     collector.collector: ✓ Saved: 000303.webp  (C, q=0.56)
21:30:34 INFO     collector.collector: ✓ Saved: 000304.webp  (C, q=0.50)
21:30:42 INFO     collector.collector: ✓ Saved: 000305.webp  (C, q=0.52)
21:30:43 INFO     collector.collector: ✓ Saved: 000306.webp  (C, q=1.00)
21:30:44 INFO     collector.collector: ✓ Saved: 000307.webp  (C, q=0.66)
21:30:45 INFO     collector.collector: ✓ Saved: 000308.webp  (C, q=0.65)
21:30:47 INFO     collector.collector: ✓ Saved: 000309.webp  (C, q=1.00)
21:30:48 INFO     collector.collector: ✓ Saved: 000310.webp  (C, q=0.44)
21:30:49 INFO     collector.collector: ✓ Saved: 000311.webp  (C, q=0.58)
21:30:51 INFO     collector.collector: ✓ Saved: 000312.webp  (C, q=1.00)
21:30:52 INFO     collector.collector: ✓ Saved: 000313.webp  (C, q=0.48)
21:30:53 INFO     collector.collector: ✓ Saved: 000314.webp  (C, q=0.61)
21:30:54 INFO     collector.collector: ✓ Saved: 000315.webp  (C, q=0.83)
21:30:56 INFO     collector.collector: ✓ Saved: 000316.webp  (C, q=0.54)
21:30:57 INFO     collector.collector: ✓ Saved: 000317.webp  (C, q=0.50)
21:30:58 INFO     collector.collector: ✓ Saved: 000318.webp  (C, q=0.44)
21:31:00 INFO     collector.collector: ✓ Saved: 000319.webp  (C, q=0.50)
21:31:01 INFO     collector.collector: ✓ Saved: 000320.webp  (C, q=0.54)
21:31:02 INFO     collector.collector: ✓ Saved: 000321.webp  (C, q=0.94)
21:31:03 INFO     collector.collector: ✓ Saved: 000322.webp  (C, q=0.99)
21:31:04 INFO     collector.collector: ✓ Saved: 000323.webp  (C, q=0.91)
21:31:07 INFO     collector.collector: ✓ Saved: 000324.webp  (C, q=0.54)
21:31:08 INFO     collector.collector: ✓ Saved: 000325.webp  (C, q=0.45)
21:31:11 INFO     collector.collector: ✓ Saved: 000326.webp  (C, q=0.96)
21:31:12 INFO     collector.collector: ✓ Saved: 000327.webp  (C, q=0.95)
21:31:13 INFO     collector.collector: ✓ Saved: 000328.webp  (C, q=0.60)
21:31:14 INFO     collector.collector: ✓ Saved: 000329.webp  (C, q=0.44)
21:31:15 INFO     collector.collector: ✓ Saved: 000330.webp  (C, q=0.71)
21:31:16 INFO     collector.collector: ✓ Saved: 000331.webp  (C, q=0.59)
21:31:17 INFO     collector.collector: ✓ Saved: 000332.webp  (C, q=1.00)
21:31:18 INFO     collector.collector: ✓ Saved: 000333.webp  (C, q=0.94)
21:31:20 INFO     collector.collector: ✓ Saved: 000334.webp  (C, q=1.00)
21:31:21 INFO     collector.collector: ✓ Saved: 000335.webp  (C, q=0.61)
21:31:22 INFO     collector.collector: ✓ Saved: 000336.webp  (C, q=1.00)
21:31:24 INFO     collector.collector: ✓ Saved: 000337.webp  (C, q=1.00)
21:31:25 INFO     collector.collector: ✓ Saved: 000338.webp  (C, q=0.85)
21:31:27 INFO     collector.collector: ✓ Saved: 000339.webp  (C, q=1.00)
21:31:28 INFO     collector.collector: ✓ Saved: 000340.webp  (C, q=0.50)
21:31:28 INFO     collector.collector: ✓ Saved: 000341.webp  (C, q=0.55)
21:31:32 INFO     collector.collector: ✓ Saved: 000342.webp  (C, q=1.00)
21:31:33 INFO     collector.collector: ✓ Saved: 000343.webp  (C, q=1.00)
21:31:34 INFO     collector.collector: ✓ Saved: 000344.webp  (C, q=1.00)
21:31:36 INFO     collector.collector: ✓ Saved: 000345.webp  (C, q=1.00)
21:31:38 INFO     collector.collector: ✓ Saved: 000346.webp  (C, q=1.00)
21:31:40 INFO     collector.collector: ✓ Saved: 000347.webp  (C, q=1.00)
21:31:42 INFO     collector.collector: ✓ Saved: 000348.webp  (C, q=1.00)
21:31:43 INFO     collector.collector: ✓ Saved: 000349.webp  (C, q=1.00)
21:31:45 INFO     collector.collector: ✓ Saved: 000350.webp  (C, q=1.00)
21:31:47 INFO     collector.collector: ✓ Saved: 000351.webp  (C, q=1.00)
21:31:48 INFO     collector.collector: ✓ Saved: 000352.webp  (C, q=1.00)
21:31:49 INFO     collector.collector: ✓ Saved: 000353.webp  (C, q=0.39)
21:31:50 INFO     collector.collector: ✓ Saved: 000354.webp  (C, q=0.80)
21:31:52 INFO     collector.collector: ✓ Saved: 000355.webp  (C, q=1.00)
21:31:53 INFO     collector.collector: ✓ Saved: 000356.webp  (C, q=1.00)
21:31:54 INFO     collector.collector: ✓ Saved: 000357.webp  (C, q=1.00)
21:31:54 INFO     collector.collector: [pexels] Done — accepted=145, skipped=1, rejected=4
20:06:37 INFO     collector.collector: Source enabled: wallhaven
20:06:37 INFO     collector.collector: Source enabled: artstation
20:06:37 INFO     collector.collector: Source enabled: unsplash
20:06:37 INFO     collector.collector: Source enabled: pexels
20:06:37 INFO     collector.collector: === Source: wallhaven ===
20:06:37 INFO     collector.sources.wallhaven: [wallhaven] query='' tier=1 → 5 candidates
20:06:38 INFO     collector.sources.wallhaven: [wallhaven] query='dark' tier=1 → 0 candidates
20:06:39 INFO     collector.sources.wallhaven: [wallhaven] query='architecture' tier=1 → 0 candidates
20:06:40 INFO     collector.sources.wallhaven: [wallhaven] query='nature' tier=1 → 1 candidates
20:06:41 INFO     collector.sources.wallhaven: [wallhaven] query='space' tier=1 → 0 candidates
20:06:42 INFO     collector.sources.wallhaven: [wallhaven] query='minimal' tier=1 → 0 candidates
20:06:43 INFO     collector.sources.wallhaven: [wallhaven] query='city' tier=1 → 1 candidates
20:06:44 INFO     collector.sources.wallhaven: [wallhaven] query='forest' tier=1 → 0 candidates
20:06:45 INFO     collector.sources.wallhaven: [wallhaven] query='abstract' tier=1 → 0 candidates
20:06:46 INFO     collector.sources.wallhaven: [wallhaven] query='cyberpunk' tier=1 → 2 candidates
20:06:47 INFO     collector.sources.wallhaven: [wallhaven] query='mountain' tier=1 → 0 candidates
20:06:48 INFO     collector.sources.wallhaven: [wallhaven] query='photography' tier=1 → 1 candidates
20:06:49 INFO     collector.sources.wallhaven: [wallhaven] query='vertical ultrawide' tier=2 → 0 candidates
20:06:50 INFO     collector.sources.wallhaven: [wallhaven] query='portrait ultrawide' tier=2 → 0 candidates
20:06:51 INFO     collector.sources.wallhaven: [wallhaven] query='vertical wallpaper' tier=2 → 0 candidates
20:06:52 INFO     collector.sources.wallhaven: [wallhaven] query='dark architecture' tier=2 → 8 candidates
20:06:53 INFO     collector.sources.wallhaven: [wallhaven] query='minimal dark' tier=2 → 20 candidates
20:06:54 INFO     collector.sources.wallhaven: [wallhaven] query='forest night' tier=2 → 7 candidates
20:06:55 INFO     collector.sources.wallhaven: [wallhaven] query='space galaxy' tier=2 → 11 candidates
20:06:56 INFO     collector.sources.wallhaven: [wallhaven] query='city rain' tier=2 → 6 candidates
20:06:56 INFO     collector.collector: [wallhaven] 54 candidates → 3 workers
20:06:58 WARNING  collector.collector: Normalization failed: https://wallhaven.cc/w/vqgr3l — Image too small: 3440×1440 < 1440×3440
20:07:02 INFO     collector.collector: ✓ Saved: 000358.webp  (C, q=0.94)
20:07:05 INFO     collector.collector: ✓ Saved: 000359.webp  (C, q=1.00)
20:07:07 INFO     collector.collector: ✓ Saved: 000360.webp  (C, q=0.82)
20:07:08 INFO     collector.collector: ✓ Saved: 000361.webp  (C, q=1.00)
20:07:11 INFO     collector.collector: ✓ Saved: 000362.webp  (C, q=0.51)
20:07:12 INFO     collector.collector: ✓ Saved: 000363.webp  (C, q=1.00)
20:07:12 INFO     collector.collector: [wallhaven] Done — accepted=6, skipped=42, rejected=6
20:07:12 INFO     collector.collector: === Source: artstation ===
20:07:13 WARNING  collector.downloader: API request failed (attempt 1/3): 404 Client Error: Not Found for url: https://www.artstation.com/api/v2/artworks.json?page=1&per_page=50&sorting=trending — retry in 1s
20:07:14 WARNING  collector.downloader: API request failed (attempt 2/3): 404 Client Error: Not Found for url: https://www.artstation.com/api/v2/artworks.json?page=1&per_page=50&sorting=trending — retry in 2s
20:07:16 WARNING  collector.downloader: API request failed (attempt 3/3): 404 Client Error: Not Found for url: https://www.artstation.com/api/v2/artworks.json?page=1&per_page=50&sorting=trending — retry in 4s
20:07:20 ERROR    collector.sources.artstation: [artstation] fetch failed: API request failed for https://www.artstation.com/api/v2/artworks.json?page=1&per_page=50&sorting=trending: 404 Client Error: Not Found for url: https://www.artstation.com/api/v2/artworks.json?page=1&per_page=50&sorting=trending
20:07:20 WARNING  collector.downloader: API request failed (attempt 1/3): 404 Client Error: Not Found for url: https://www.artstation.com/api/v2/artworks.json?page=1&per_page=50&sorting=latest — retry in 1s
20:07:21 WARNING  collector.downloader: API request failed (attempt 2/3): 404 Client Error: Not Found for url: https://www.artstation.com/api/v2/artworks.json?page=1&per_page=50&sorting=latest — retry in 2s
20:07:24 WARNING  collector.downloader: API request failed (attempt 3/3): 404 Client Error: Not Found for url: https://www.artstation.com/api/v2/artworks.json?page=1&per_page=50&sorting=latest — retry in 4s
20:07:28 ERROR    collector.sources.artstation: [artstation] fetch failed: API request failed for https://www.artstation.com/api/v2/artworks.json?page=1&per_page=50&sorting=latest: 404 Client Error: Not Found for url: https://www.artstation.com/api/v2/artworks.json?page=1&per_page=50&sorting=latest
20:07:28 INFO     collector.sources.artstation: [artstation] 0 candidates
20:07:28 WARNING  collector.collector: [artstation] No candidates discovered.
20:07:28 INFO     collector.collector: === Source: unsplash ===
20:07:29 INFO     collector.sources.unsplash: [unsplash] q='architecture' → 50 candidates
20:07:31 INFO     collector.sources.unsplash: [unsplash] q='nature forest' → 50 candidates
20:07:33 INFO     collector.sources.unsplash: [unsplash] q='space galaxy' → 50 candidates
20:07:35 INFO     collector.sources.unsplash: [unsplash] q='city rain night' → 50 candidates
20:07:37 INFO     collector.sources.unsplash: [unsplash] q='abstract dark' → 50 candidates
20:07:39 INFO     collector.sources.unsplash: [unsplash] q='mountain landscape' → 50 candidates
20:07:39 INFO     collector.collector: [unsplash] 300 candidates → 3 workers
20:07:41 INFO     collector.collector: ✓ Saved: 000364.webp  (C, q=1.00)
20:07:42 INFO     collector.collector: ✓ Saved: 000365.webp  (C, q=1.00)
20:07:42 INFO     collector.collector: ✓ Saved: 000366.webp  (C, q=1.00)
20:07:43 ERROR    collector.collector: Worker error: image file is truncated (0 bytes not processed)
20:07:44 INFO     collector.collector: ✓ Saved: 000367.webp  (C, q=0.85)
20:07:44 INFO     collector.collector: ✓ Saved: 000368.webp  (C, q=0.85)
20:07:44 INFO     collector.collector: ✓ Saved: 000369.webp  (C, q=0.61)
20:07:46 INFO     collector.collector: ✓ Saved: 000370.webp  (C, q=1.00)
20:07:46 INFO     collector.collector: ✓ Saved: 000371.webp  (C, q=1.00)
20:07:46 INFO     collector.collector: ✓ Saved: 000372.webp  (C, q=1.00)
20:07:47 INFO     collector.collector: ✓ Saved: 000373.webp  (C, q=1.00)
20:07:48 INFO     collector.collector: ✓ Saved: 000374.webp  (C, q=1.00)
20:07:48 INFO     collector.collector: ✓ Saved: 000375.webp  (C, q=1.00)
20:07:48 INFO     collector.collector: ✓ Saved: 000376.webp  (C, q=1.00)
20:07:48 INFO     collector.collector: ✓ Saved: 000377.webp  (C, q=1.00)
20:07:49 WARNING  collector.collector: Cannot open image: /var/folders/kp/vrxg7lfn57x0wclcf4tsybv00000gn/T/portrait_frame_sf9ufyh1/download.jpg — image file is truncated (0 bytes not processed)
20:07:50 INFO     collector.collector: ✓ Saved: 000378.webp  (C, q=1.00)
20:07:50 INFO     collector.collector: ✓ Saved: 000379.webp  (C, q=1.00)
20:07:50 INFO     collector.collector: ✓ Saved: 000380.webp  (C, q=1.00)
20:07:51 WARNING  collector.collector: Cannot open image: /var/folders/kp/vrxg7lfn57x0wclcf4tsybv00000gn/T/portrait_frame_sf9ufyh1/download.jpg — image file is truncated (5 bytes not processed)
20:07:52 ERROR    collector.collector: Worker error: cannot identify image file '/var/folders/kp/vrxg7lfn57x0wclcf4tsybv00000gn/T/portrait_frame_sf9ufyh1/download.jpg'
20:07:53 INFO     collector.collector: ✓ Saved: 000381.webp  (C, q=0.43)
20:07:54 INFO     collector.collector: ✓ Saved: 000382.webp  (C, q=0.47)
20:07:55 WARNING  collector.collector: Cannot open image: /var/folders/kp/vrxg7lfn57x0wclcf4tsybv00000gn/T/portrait_frame_sf9ufyh1/download.jpg — image file is truncated (2 bytes not processed)
20:07:56 ERROR    collector.collector: Worker error: image file is truncated (0 bytes not processed)
20:07:56 ERROR    collector.collector: Worker error: image file is truncated (0 bytes not processed)
20:07:57 INFO     collector.collector: ✓ Saved: 000383.webp  (C, q=1.00)
20:07:57 INFO     collector.collector: ✓ Saved: 000384.webp  (C, q=1.00)
20:07:58 ERROR    collector.collector: Worker error: image file is truncated (0 bytes not processed)
20:08:00 INFO     collector.collector: ✓ Saved: 000385.webp  (C, q=1.00)
20:08:00 INFO     collector.collector: ✓ Saved: 000386.webp  (C, q=1.00)
20:08:00 INFO     collector.collector: ✓ Saved: 000387.webp  (C, q=0.72)
20:08:02 INFO     collector.collector: ✓ Saved: 000388.webp  (C, q=1.00)
20:08:02 INFO     collector.collector: ✓ Saved: 000389.webp  (C, q=1.00)
20:08:03 INFO     collector.collector: ✓ Saved: 000390.webp  (C, q=1.00)
20:08:03 INFO     collector.collector: ✓ Saved: 000391.webp  (C, q=0.57)
20:08:04 INFO     collector.collector: ✓ Saved: 000392.webp  (C, q=0.73)
20:08:05 INFO     collector.collector: ✓ Saved: 000393.webp  (C, q=1.00)
20:08:06 INFO     collector.collector: ✓ Saved: 000394.webp  (C, q=1.00)
20:08:09 INFO     collector.collector: ✓ Saved: 000395.webp  (C, q=0.93)
20:08:11 INFO     collector.collector: ✓ Saved: 000396.webp  (C, q=1.00)
20:08:14 WARNING  collector.collector: Cannot open image: /var/folders/kp/vrxg7lfn57x0wclcf4tsybv00000gn/T/portrait_frame_sf9ufyh1/download.jpg — image file is truncated (2 bytes not processed)
20:08:15 INFO     collector.collector: ✓ Saved: 000397.webp  (C, q=0.99)
20:08:15 ERROR    collector.collector: Worker error: image file is truncated (0 bytes not processed)
20:08:16 ERROR    collector.collector: Worker error: image file is truncated (0 bytes not processed)
20:08:17 WARNING  collector.collector: Cannot open image: /var/folders/kp/vrxg7lfn57x0wclcf4tsybv00000gn/T/portrait_frame_sf9ufyh1/download.jpg — image file is truncated (6 bytes not processed)
20:08:17 ERROR    collector.collector: Worker error: image file is truncated (0 bytes not processed)
20:08:18 WARNING  collector.collector: Cannot open image: /var/folders/kp/vrxg7lfn57x0wclcf4tsybv00000gn/T/portrait_frame_sf9ufyh1/download.jpg — image file is truncated (2 bytes not processed)
20:08:19 WARNING  collector.collector: Cannot open image: /var/folders/kp/vrxg7lfn57x0wclcf4tsybv00000gn/T/portrait_frame_sf9ufyh1/download.jpg — image file is truncated (6 bytes not processed)
20:08:19 INFO     collector.collector: ✓ Saved: 000398.webp  (C, q=0.83)
20:08:20 ERROR    collector.collector: Worker error: image file is truncated (0 bytes not processed)
20:08:21 WARNING  collector.collector: Cannot open image: /var/folders/kp/vrxg7lfn57x0wclcf4tsybv00000gn/T/portrait_frame_sf9ufyh1/download.jpg — image file is truncated (4 bytes not processed)
20:08:21 INFO     collector.collector: ✓ Saved: 000399.webp  (C, q=0.87)
20:08:22 ERROR    collector.collector: Worker error: image file is truncated (0 bytes not processed)
20:08:23 INFO     collector.collector: ✓ Saved: 000400.webp  (C, q=1.00)
20:08:24 INFO     collector.collector: ✓ Saved: 000401.webp  (C, q=1.00)
20:08:25 INFO     collector.collector: ✓ Saved: 000402.webp  (C, q=0.79)
20:08:25 INFO     collector.collector: ✓ Saved: 000403.webp  (C, q=0.79)
20:08:26 INFO     collector.collector: ✓ Saved: 000404.webp  (C, q=1.00)
20:08:27 INFO     collector.collector: ✓ Saved: 000405.webp  (C, q=1.00)
20:08:27 WARNING  collector.collector: Cannot open image: /var/folders/kp/vrxg7lfn57x0wclcf4tsybv00000gn/T/portrait_frame_sf9ufyh1/download.jpg — image file is truncated (3 bytes not processed)
20:08:29 INFO     collector.collector: ✓ Saved: 000406.webp  (C, q=1.00)
20:08:32 INFO     collector.collector: ✓ Saved: 000407.webp  (C, q=1.00)
20:08:32 ERROR    collector.collector: Worker error: image file is truncated (0 bytes not processed)
20:08:33 ERROR    collector.collector: Worker error: image file is truncated (4 bytes not processed)
20:08:34 INFO     collector.collector: ✓ Saved: 000408.webp  (C, q=1.00)
20:08:34 INFO     collector.collector: ✓ Saved: 000409.webp  (C, q=1.00)
20:08:35 INFO     collector.collector: ✓ Saved: 000410.webp  (C, q=1.00)
20:08:36 INFO     collector.collector: ✓ Saved: 000411.webp  (C, q=0.92)
20:08:37 INFO     collector.collector: ✓ Saved: 000412.webp  (C, q=0.98)
20:08:38 INFO     collector.collector: ✓ Saved: 000413.webp  (C, q=1.00)
20:08:39 INFO     collector.collector: ✓ Saved: 000414.webp  (C, q=1.00)
20:08:40 INFO     collector.collector: ✓ Saved: 000415.webp  (C, q=1.00)
20:08:44 WARNING  collector.collector: Cannot open image: /var/folders/kp/vrxg7lfn57x0wclcf4tsybv00000gn/T/portrait_frame_sf9ufyh1/download.jpg — image file is truncated (4 bytes not processed)
20:08:45 WARNING  collector.collector: Cannot open image: /var/folders/kp/vrxg7lfn57x0wclcf4tsybv00000gn/T/portrait_frame_sf9ufyh1/download.jpg — image file is truncated (5 bytes not processed)
20:08:46 INFO     collector.collector: ✓ Saved: 000416.webp  (C, q=0.88)
20:08:46 INFO     collector.collector: ✓ Saved: 000417.webp  (C, q=1.00)
20:08:47 WARNING  collector.collector: Cannot open image: /var/folders/kp/vrxg7lfn57x0wclcf4tsybv00000gn/T/portrait_frame_sf9ufyh1/download.jpg — image file is truncated (2 bytes not processed)
20:08:48 INFO     collector.collector: ✓ Saved: 000418.webp  (C, q=1.00)
20:08:50 ERROR    collector.collector: Worker error: image file is truncated (0 bytes not processed)
20:08:50 ERROR    collector.collector: Worker error: image file is truncated (0 bytes not processed)
20:08:50 ERROR    collector.collector: Worker error: cannot identify image file '/var/folders/kp/vrxg7lfn57x0wclcf4tsybv00000gn/T/portrait_frame_sf9ufyh1/download.jpg'
20:08:52 INFO     collector.collector: ✓ Saved: 000419.webp  (C, q=0.51)
20:08:54 INFO     collector.collector: ✓ Saved: 000420.webp  (C, q=1.00)
20:08:54 INFO     collector.collector: ✓ Saved: 000421.webp  (C, q=1.00)
20:08:55 INFO     collector.collector: ✓ Saved: 000422.webp  (C, q=0.30)
20:08:56 INFO     collector.collector: ✓ Saved: 000423.webp  (C, q=0.86)
20:08:57 INFO     collector.collector: ✓ Saved: 000424.webp  (C, q=1.00)
20:08:57 INFO     collector.collector: ✓ Saved: 000425.webp  (C, q=1.00)
20:08:59 INFO     collector.collector: ✓ Saved: 000426.webp  (C, q=1.00)
20:08:59 INFO     collector.collector: ✓ Saved: 000427.webp  (C, q=1.00)
20:08:59 ERROR    collector.collector: Worker error: image file is truncated (0 bytes not processed)
20:09:00 INFO     collector.collector: ✓ Saved: 000428.webp  (C, q=1.00)
20:09:02 INFO     collector.collector: ✓ Saved: 000429.webp  (C, q=0.81)
20:09:02 INFO     collector.collector: ✓ Saved: 000430.webp  (C, q=0.81)
20:09:03 INFO     collector.collector: ✓ Saved: 000431.webp  (C, q=1.00)
20:09:04 INFO     collector.collector: ✓ Saved: 000432.webp  (C, q=1.00)
20:09:05 INFO     collector.collector: ✓ Saved: 000433.webp  (C, q=1.00)
20:09:05 WARNING  collector.collector: Cannot open image: /var/folders/kp/vrxg7lfn57x0wclcf4tsybv00000gn/T/portrait_frame_sf9ufyh1/download.jpg — image file is truncated (3 bytes not processed)
20:09:06 INFO     collector.collector: ✓ Saved: 000434.webp  (C, q=1.00)
20:09:06 ERROR    collector.collector: Worker error: image file is truncated (0 bytes not processed)
20:09:07 INFO     collector.collector: ✓ Saved: 000435.webp  (C, q=1.00)
20:09:08 INFO     collector.collector: ✓ Saved: 000436.webp  (C, q=0.92)
20:09:10 INFO     collector.collector: ✓ Saved: 000437.webp  (C, q=1.00)
20:09:10 INFO     collector.collector: ✓ Saved: 000438.webp  (C, q=1.00)
20:09:10 INFO     collector.collector: ✓ Saved: 000439.webp  (C, q=1.00)
20:09:10 INFO     collector.collector: [unsplash] Done — accepted=76, skipped=176, rejected=48
20:09:10 INFO     collector.collector: === Source: pexels ===
20:09:11 INFO     collector.sources.pexels: [pexels] q='portrait architecture' → 50 candidates
20:09:12 INFO     collector.sources.pexels: [pexels] q='dark forest' → 50 candidates
20:09:13 INFO     collector.sources.pexels: [pexels] q='night city' → 50 candidates
20:09:14 INFO     collector.sources.pexels: [pexels] q='space nebula' → 50 candidates
20:09:15 INFO     collector.sources.pexels: [pexels] q='abstract' → 50 candidates
20:09:15 INFO     collector.collector: [pexels] 250 candidates → 3 workers
20:09:16 INFO     collector.collector: ✓ Saved: 000440.webp  (C, q=1.00)
20:09:17 ERROR    collector.collector: Worker error: image file is truncated (0 bytes not processed)
20:09:17 ERROR    collector.collector: Worker error: image file is truncated (7 bytes not processed)
20:09:18 INFO     collector.collector: ✓ Saved: 000441.webp  (C, q=0.65)
20:09:19 INFO     collector.collector: ✓ Saved: 000442.webp  (C, q=0.84)
20:09:20 INFO     collector.collector: ✓ Saved: 000443.webp  (C, q=0.71)
20:09:22 INFO     collector.collector: ✓ Saved: 000444.webp  (C, q=1.00)
20:09:22 INFO     collector.collector: ✓ Saved: 000445.webp  (C, q=1.00)
20:09:23 INFO     collector.collector: ✓ Saved: 000446.webp  (C, q=1.00)
20:09:24 ERROR    collector.collector: Worker error: image file is truncated (0 bytes not processed)
20:09:25 INFO     collector.collector: ✓ Saved: 000447.webp  (C, q=0.59)
20:09:26 INFO     collector.collector: ✓ Saved: 000448.webp  (C, q=0.92)
20:09:27 INFO     collector.collector: ✓ Saved: 000449.webp  (C, q=0.68)
20:09:27 INFO     collector.collector: ✓ Saved: 000450.webp  (C, q=0.86)
20:09:28 INFO     collector.collector: ✓ Saved: 000451.webp  (C, q=1.00)
20:09:29 INFO     collector.collector: ✓ Saved: 000452.webp  (C, q=0.75)
20:09:29 INFO     collector.collector: ✓ Saved: 000453.webp  (C, q=0.95)
20:09:30 INFO     collector.collector: ✓ Saved: 000454.webp  (C, q=1.00)
20:09:30 INFO     collector.collector: ✓ Saved: 000455.webp  (C, q=1.00)
20:09:32 INFO     collector.collector: ✓ Saved: 000456.webp  (C, q=1.00)
20:09:32 INFO     collector.collector: ✓ Saved: 000457.webp  (C, q=1.00)
20:09:32 INFO     collector.collector: ✓ Saved: 000458.webp  (C, q=0.91)
20:09:33 INFO     collector.collector: ✓ Saved: 000459.webp  (C, q=0.92)
20:09:35 INFO     collector.collector: ✓ Saved: 000460.webp  (C, q=1.00)
20:09:35 INFO     collector.collector: ✓ Saved: 000461.webp  (C, q=1.00)
20:09:37 INFO     collector.collector: ✓ Saved: 000462.webp  (C, q=0.44)
20:09:38 INFO     collector.collector: ✓ Saved: 000463.webp  (C, q=0.74)
20:09:38 INFO     collector.collector: ✓ Saved: 000464.webp  (C, q=0.56)
20:09:39 WARNING  collector.collector: Cannot open image: /var/folders/kp/vrxg7lfn57x0wclcf4tsybv00000gn/T/portrait_frame_a834x85b/download.jpeg — image file is truncated (29 bytes not processed)
20:09:40 INFO     collector.collector: ✓ Saved: 000465.webp  (C, q=1.00)
20:09:40 INFO     collector.collector: ✓ Saved: 000466.webp  (C, q=1.00)
20:09:42 WARNING  collector.collector: Cannot open image: /var/folders/kp/vrxg7lfn57x0wclcf4tsybv00000gn/T/portrait_frame_a834x85b/download.jpeg — image file is truncated (27 bytes not processed)
20:09:42 INFO     collector.collector: ✓ Saved: 000467.webp  (C, q=1.00)
20:09:43 INFO     collector.collector: ✓ Saved: 000468.webp  (C, q=1.00)
20:09:43 INFO     collector.collector: ✓ Saved: 000469.webp  (C, q=1.00)
20:09:45 INFO     collector.collector: ✓ Saved: 000470.webp  (C, q=0.49)
20:09:46 INFO     collector.collector: ✓ Saved: 000471.webp  (C, q=0.99)
20:09:47 INFO     collector.collector: ✓ Saved: 000472.webp  (C, q=1.00)
20:09:48 INFO     collector.collector: ✓ Saved: 000473.webp  (C, q=0.65)
20:09:48 INFO     collector.collector: ✓ Saved: 000474.webp  (C, q=0.78)
20:09:50 INFO     collector.collector: ✓ Saved: 000475.webp  (C, q=1.00)
20:09:51 INFO     collector.collector: ✓ Saved: 000476.webp  (C, q=1.00)
20:09:52 INFO     collector.collector: ✓ Saved: 000477.webp  (C, q=0.96)
20:09:53 INFO     collector.collector: ✓ Saved: 000478.webp  (C, q=1.00)
20:09:53 INFO     collector.collector: ✓ Saved: 000479.webp  (C, q=0.89)
20:09:53 INFO     collector.collector: ✓ Saved: 000480.webp  (C, q=0.96)
20:09:54 INFO     collector.collector: ✓ Saved: 000481.webp  (C, q=1.00)
20:09:54 INFO     collector.collector: ✓ Saved: 000482.webp  (C, q=1.00)
20:09:56 INFO     collector.collector: ✓ Saved: 000483.webp  (C, q=1.00)
20:09:57 INFO     collector.collector: ✓ Saved: 000484.webp  (C, q=1.00)
20:09:58 ERROR    collector.collector: Worker error: image file is truncated (5 bytes not processed)
20:09:58 INFO     collector.collector: ✓ Saved: 000485.webp  (C, q=1.00)
20:09:58 INFO     collector.collector: ✓ Saved: 000486.webp  (C, q=1.00)
20:09:59 INFO     collector.collector: ✓ Saved: 000487.webp  (C, q=0.66)
20:10:00 INFO     collector.collector: ✓ Saved: 000488.webp  (C, q=0.66)
20:10:01 INFO     collector.collector: ✓ Saved: 000489.webp  (C, q=1.00)
20:10:02 INFO     collector.collector: ✓ Saved: 000490.webp  (C, q=1.00)
20:10:03 INFO     collector.collector: ✓ Saved: 000491.webp  (C, q=1.00)
20:10:05 INFO     collector.collector: ✓ Saved: 000492.webp  (C, q=0.53)
20:10:07 INFO     collector.collector: ✓ Saved: 000493.webp  (C, q=0.88)
20:10:07 INFO     collector.collector: ✓ Saved: 000494.webp  (C, q=0.85)
20:10:08 INFO     collector.collector: ✓ Saved: 000495.webp  (C, q=0.83)
20:10:09 INFO     collector.collector: ✓ Saved: 000496.webp  (C, q=0.91)
20:10:09 INFO     collector.collector: ✓ Saved: 000497.webp  (C, q=1.00)
20:10:10 INFO     collector.collector: ✓ Saved: 000498.webp  (C, q=0.95)
20:10:12 INFO     collector.collector: ✓ Saved: 000499.webp  (C, q=1.00)
20:10:13 INFO     collector.collector: ✓ Saved: 000500.webp  (C, q=1.00)
20:10:13 INFO     collector.collector: ✓ Saved: 000501.webp  (C, q=0.56)
20:10:19 INFO     collector.collector: ✓ Saved: 000502.webp  (C, q=0.63)
20:10:20 INFO     collector.collector: ✓ Saved: 000503.webp  (C, q=0.48)
20:10:22 INFO     collector.collector: ✓ Saved: 000504.webp  (C, q=1.00)
20:10:23 INFO     collector.collector: ✓ Saved: 000505.webp  (C, q=0.61)
20:10:25 INFO     collector.collector: ✓ Saved: 000506.webp  (C, q=1.00)
20:10:26 WARNING  collector.collector: Cannot open image: /var/folders/kp/vrxg7lfn57x0wclcf4tsybv00000gn/T/portrait_frame_a834x85b/download.png — broken data stream when reading image file
20:10:27 INFO     collector.collector: ✓ Saved: 000507.webp  (C, q=0.65)
20:10:27 INFO     collector.collector: ✓ Saved: 000508.webp  (C, q=0.65)
20:10:28 ERROR    collector.collector: Worker error: image file is truncated (35 bytes not processed)
20:10:29 WARNING  collector.collector: Cannot open image: /var/folders/kp/vrxg7lfn57x0wclcf4tsybv00000gn/T/portrait_frame_a834x85b/download.png — broken data stream when reading image file
20:10:29 WARNING  collector.collector: Cannot open image: /var/folders/kp/vrxg7lfn57x0wclcf4tsybv00000gn/T/portrait_frame_a834x85b/download.jpeg — image file is truncated (4 bytes not processed)
20:10:30 INFO     collector.collector: ✓ Saved: 000509.webp  (C, q=1.00)
20:10:31 INFO     collector.collector: ✓ Saved: 000510.webp  (C, q=1.00)
20:10:32 INFO     collector.collector: ✓ Saved: 000511.webp  (C, q=1.00)
20:10:33 INFO     collector.collector: ✓ Saved: 000512.webp  (C, q=1.00)
20:10:33 INFO     collector.collector: ✓ Saved: 000513.webp  (C, q=1.00)
20:10:34 ERROR    collector.collector: Worker error: image file is truncated (18 bytes not processed)
20:10:35 INFO     collector.collector: ✓ Saved: 000514.webp  (C, q=0.95)
20:10:35 INFO     collector.collector: ✓ Saved: 000515.webp  (C, q=0.54)
20:10:36 WARNING  collector.collector: Cannot open image: /var/folders/kp/vrxg7lfn57x0wclcf4tsybv00000gn/T/portrait_frame_a834x85b/download.jpeg — image file is truncated (25 bytes not processed)
20:10:36 INFO     collector.collector: ✓ Saved: 000516.webp  (C, q=1.00)
20:10:37 ERROR    collector.collector: Worker error: image file is truncated (12 bytes not processed)
20:10:38 ERROR    collector.collector: Worker error: image file is truncated (0 bytes not processed)
20:10:38 INFO     collector.collector: ✓ Saved: 000517.webp  (C, q=0.81)
20:10:39 INFO     collector.collector: ✓ Saved: 000518.webp  (C, q=1.00)
20:10:40 INFO     collector.collector: ✓ Saved: 000519.webp  (C, q=0.81)
20:10:41 INFO     collector.collector: ✓ Saved: 000520.webp  (C, q=1.00)
20:10:41 INFO     collector.collector: ✓ Saved: 000521.webp  (C, q=0.77)
20:10:41 INFO     collector.collector: [pexels] Done — accepted=82, skipped=146, rejected=22
20:12:19 INFO     collector.collector: Source enabled: wallhaven
20:12:19 INFO     collector.collector: Source enabled: artstation
20:12:19 INFO     collector.collector: Source enabled: unsplash
20:12:19 INFO     collector.collector: Source enabled: pexels
20:12:19 INFO     collector.collector: === Source: wallhaven ===
20:12:19 INFO     collector.sources.wallhaven: [wallhaven] query='' tier=1 → 5 candidates
20:12:20 INFO     collector.sources.wallhaven: [wallhaven] query='dark' tier=1 → 0 candidates
20:12:21 INFO     collector.sources.wallhaven: [wallhaven] query='architecture' tier=1 → 0 candidates
20:12:22 INFO     collector.sources.wallhaven: [wallhaven] query='nature' tier=1 → 1 candidates
20:12:23 INFO     collector.sources.wallhaven: [wallhaven] query='space' tier=1 → 0 candidates
20:12:24 INFO     collector.sources.wallhaven: [wallhaven] query='minimal' tier=1 → 0 candidates
20:12:25 INFO     collector.sources.wallhaven: [wallhaven] query='city' tier=1 → 1 candidates
20:12:26 INFO     collector.sources.wallhaven: [wallhaven] query='forest' tier=1 → 0 candidates
20:12:27 INFO     collector.sources.wallhaven: [wallhaven] query='abstract' tier=1 → 0 candidates
20:12:28 INFO     collector.sources.wallhaven: [wallhaven] query='cyberpunk' tier=1 → 2 candidates
20:12:29 INFO     collector.sources.wallhaven: [wallhaven] query='mountain' tier=1 → 0 candidates
20:12:30 INFO     collector.sources.wallhaven: [wallhaven] query='photography' tier=1 → 1 candidates
20:12:31 INFO     collector.sources.wallhaven: [wallhaven] query='vertical ultrawide' tier=2 → 0 candidates
20:12:32 INFO     collector.sources.wallhaven: [wallhaven] query='portrait ultrawide' tier=2 → 0 candidates
20:12:33 INFO     collector.sources.wallhaven: [wallhaven] query='vertical wallpaper' tier=2 → 0 candidates
20:12:34 INFO     collector.sources.wallhaven: [wallhaven] query='dark architecture' tier=2 → 8 candidates
20:12:35 INFO     collector.sources.wallhaven: [wallhaven] query='minimal dark' tier=2 → 20 candidates
20:12:36 INFO     collector.sources.wallhaven: [wallhaven] query='forest night' tier=2 → 7 candidates
20:12:37 INFO     collector.sources.wallhaven: [wallhaven] query='space galaxy' tier=2 → 11 candidates
20:12:38 INFO     collector.sources.wallhaven: [wallhaven] query='city rain' tier=2 → 6 candidates
20:12:38 INFO     collector.collector: [wallhaven] 54 candidates → 3 workers
20:12:41 INFO     collector.collector: ✓ Saved: 000522.webp  (A, q=0.50)
20:12:41 WARNING  collector.collector: Normalization failed: https://wallhaven.cc/w/3l9egv — Image too small: 3440×1440 < 1440×3440
20:12:44 INFO     collector.collector: [wallhaven] Done — accepted=1, skipped=48, rejected=5
20:12:44 INFO     collector.collector: === Source: artstation ===
20:12:44 WARNING  collector.downloader: API request failed (attempt 1/3): 404 Client Error: Not Found for url: https://www.artstation.com/api/v2/artworks.json?page=1&per_page=50&sorting=trending — retry in 1s
20:12:45 WARNING  collector.downloader: API request failed (attempt 2/3): 404 Client Error: Not Found for url: https://www.artstation.com/api/v2/artworks.json?page=1&per_page=50&sorting=trending — retry in 2s
20:12:48 WARNING  collector.downloader: API request failed (attempt 3/3): 404 Client Error: Not Found for url: https://www.artstation.com/api/v2/artworks.json?page=1&per_page=50&sorting=trending — retry in 4s
20:12:52 ERROR    collector.sources.artstation: [artstation] fetch failed: API request failed for https://www.artstation.com/api/v2/artworks.json?page=1&per_page=50&sorting=trending: 404 Client Error: Not Found for url: https://www.artstation.com/api/v2/artworks.json?page=1&per_page=50&sorting=trending
20:12:52 WARNING  collector.downloader: API request failed (attempt 1/3): 404 Client Error: Not Found for url: https://www.artstation.com/api/v2/artworks.json?page=1&per_page=50&sorting=latest — retry in 1s
20:12:53 WARNING  collector.downloader: API request failed (attempt 2/3): 404 Client Error: Not Found for url: https://www.artstation.com/api/v2/artworks.json?page=1&per_page=50&sorting=latest — retry in 2s
20:12:55 WARNING  collector.downloader: API request failed (attempt 3/3): 404 Client Error: Not Found for url: https://www.artstation.com/api/v2/artworks.json?page=1&per_page=50&sorting=latest — retry in 4s
20:12:59 ERROR    collector.sources.artstation: [artstation] fetch failed: API request failed for https://www.artstation.com/api/v2/artworks.json?page=1&per_page=50&sorting=latest: 404 Client Error: Not Found for url: https://www.artstation.com/api/v2/artworks.json?page=1&per_page=50&sorting=latest
20:12:59 INFO     collector.sources.artstation: [artstation] 0 candidates
20:12:59 WARNING  collector.collector: [artstation] No candidates discovered.
20:12:59 INFO     collector.collector: === Source: unsplash ===
20:13:02 INFO     collector.sources.unsplash: [unsplash] q='architecture' → 100 candidates
20:13:06 INFO     collector.sources.unsplash: [unsplash] q='nature forest' → 100 candidates
20:13:10 INFO     collector.sources.unsplash: [unsplash] q='space galaxy' → 100 candidates
20:13:15 INFO     collector.sources.unsplash: [unsplash] q='city rain night' → 100 candidates
20:13:19 INFO     collector.sources.unsplash: [unsplash] q='abstract dark' → 100 candidates
20:13:23 INFO     collector.sources.unsplash: [unsplash] q='mountain landscape' → 100 candidates
20:13:23 INFO     collector.collector: [unsplash] 600 candidates → 3 workers
20:13:25 INFO     collector.collector: ✓ Saved: 000523.webp  (C, q=1.00)
20:13:26 INFO     collector.collector: ✓ Saved: 000524.webp  (C, q=1.00)
20:13:26 INFO     collector.collector: ✓ Saved: 000525.webp  (C, q=1.00)
20:13:27 INFO     collector.collector: ✓ Saved: 000526.webp  (C, q=1.00)
20:13:28 INFO     collector.collector: ✓ Saved: 000527.webp  (C, q=1.00)
20:13:28 INFO     collector.collector: ✓ Saved: 000528.webp  (C, q=1.00)
20:13:28 INFO     collector.collector: ✓ Saved: 000529.webp  (C, q=1.00)
20:13:29 INFO     collector.collector: ✓ Saved: 000530.webp  (C, q=1.00)
20:13:30 INFO     collector.collector: ✓ Saved: 000531.webp  (C, q=1.00)
20:13:30 INFO     collector.collector: ✓ Saved: 000532.webp  (C, q=1.00)
20:13:30 INFO     collector.collector: ✓ Saved: 000533.webp  (C, q=1.00)
20:13:30 INFO     collector.collector: ✓ Saved: 000534.webp  (C, q=0.88)
20:13:32 INFO     collector.collector: ✓ Saved: 000535.webp  (C, q=1.00)
20:13:33 INFO     collector.collector: ✓ Saved: 000536.webp  (C, q=0.30)
20:13:33 INFO     collector.collector: ✓ Saved: 000537.webp  (C, q=0.30)
20:13:34 INFO     collector.collector: ✓ Saved: 000538.webp  (C, q=1.00)
20:13:34 INFO     collector.collector: ✓ Saved: 000539.webp  (C, q=1.00)
20:13:35 INFO     collector.collector: ✓ Saved: 000540.webp  (C, q=0.62)
20:13:35 INFO     collector.collector: ✓ Saved: 000541.webp  (C, q=0.62)
20:13:36 INFO     collector.collector: ✓ Saved: 000542.webp  (C, q=0.63)
20:13:37 INFO     collector.collector: ✓ Saved: 000543.webp  (C, q=0.59)
20:13:37 INFO     collector.collector: ✓ Saved: 000544.webp  (C, q=0.59)
20:13:37 INFO     collector.collector: ✓ Saved: 000545.webp  (C, q=0.59)
20:13:39 INFO     collector.collector: ✓ Saved: 000546.webp  (C, q=0.50)
20:13:40 INFO     collector.collector: ✓ Saved: 000547.webp  (C, q=1.00)
20:13:41 INFO     collector.collector: ✓ Saved: 000548.webp  (C, q=1.00)
20:13:41 INFO     collector.collector: ✓ Saved: 000549.webp  (C, q=1.00)
20:13:42 INFO     collector.collector: ✓ Saved: 000550.webp  (C, q=1.00)
20:13:43 INFO     collector.collector: ✓ Saved: 000551.webp  (C, q=0.51)
20:13:44 INFO     collector.collector: ✓ Saved: 000552.webp  (C, q=1.00)
20:13:44 INFO     collector.collector: ✓ Saved: 000553.webp  (C, q=1.00)
20:13:45 INFO     collector.collector: ✓ Saved: 000554.webp  (C, q=0.94)
20:13:46 INFO     collector.collector: ✓ Saved: 000555.webp  (C, q=0.69)
20:13:48 INFO     collector.collector: ✓ Saved: 000556.webp  (C, q=1.00)
20:13:48 INFO     collector.collector: ✓ Saved: 000557.webp  (C, q=1.00)
20:13:49 INFO     collector.collector: ✓ Saved: 000558.webp  (C, q=1.00)
20:13:50 INFO     collector.collector: ✓ Saved: 000559.webp  (C, q=0.69)
20:13:50 INFO     collector.collector: ✓ Saved: 000560.webp  (C, q=0.70)
20:13:51 INFO     collector.collector: ✓ Saved: 000561.webp  (C, q=0.48)
20:13:52 INFO     collector.collector: ✓ Saved: 000562.webp  (C, q=1.00)
20:13:53 INFO     collector.collector: ✓ Saved: 000563.webp  (C, q=1.00)
20:13:54 INFO     collector.collector: ✓ Saved: 000564.webp  (C, q=1.00)
20:13:55 INFO     collector.collector: ✓ Saved: 000565.webp  (C, q=1.00)
20:13:55 INFO     collector.collector: ✓ Saved: 000566.webp  (C, q=0.48)
20:13:56 INFO     collector.collector: ✓ Saved: 000567.webp  (C, q=1.00)
20:13:57 INFO     collector.collector: ✓ Saved: 000568.webp  (C, q=0.99)
20:13:58 INFO     collector.collector: ✓ Saved: 000569.webp  (C, q=0.55)
20:14:00 INFO     collector.collector: ✓ Saved: 000570.webp  (C, q=0.51)
20:14:00 INFO     collector.collector: ✓ Saved: 000571.webp  (C, q=0.60)
20:14:01 INFO     collector.collector: ✓ Saved: 000572.webp  (C, q=0.91)
20:14:04 INFO     collector.collector: ✓ Saved: 000573.webp  (C, q=1.00)
20:14:05 INFO     collector.collector: ✓ Saved: 000574.webp  (C, q=0.48)
20:14:06 INFO     collector.collector: ✓ Saved: 000575.webp  (C, q=1.00)
20:14:09 INFO     collector.collector: ✓ Saved: 000576.webp  (C, q=0.69)
20:14:10 INFO     collector.collector: ✓ Saved: 000577.webp  (C, q=0.96)
20:14:10 INFO     collector.collector: ✓ Saved: 000578.webp  (C, q=0.91)
20:14:11 INFO     collector.collector: ✓ Saved: 000579.webp  (C, q=1.00)
20:14:14 INFO     collector.collector: ✓ Saved: 000580.webp  (C, q=0.98)
20:14:14 INFO     collector.collector: ✓ Saved: 000581.webp  (C, q=0.98)
20:14:15 WARNING  collector.collector: Cannot open image: /var/folders/kp/vrxg7lfn57x0wclcf4tsybv00000gn/T/portrait_frame_scbyueeh/download.jpg — Image size (101756928 pixels) exceeds limit of 89478485 pixels, could be decompression bomb DOS attack.
20:14:18 INFO     collector.collector: ✓ Saved: 000582.webp  (C, q=1.00)
20:14:18 INFO     collector.collector: ✓ Saved: 000583.webp  (C, q=1.00)
20:14:18 INFO     collector.collector: ✓ Saved: 000584.webp  (C, q=1.00)
20:14:21 INFO     collector.collector: ✓ Saved: 000585.webp  (C, q=0.87)
20:14:22 INFO     collector.collector: ✓ Saved: 000586.webp  (C, q=0.89)
20:14:23 INFO     collector.collector: ✓ Saved: 000587.webp  (C, q=0.89)
20:14:23 INFO     collector.collector: ✓ Saved: 000588.webp  (C, q=0.49)
20:14:24 INFO     collector.collector: ✓ Saved: 000589.webp  (C, q=1.00)
20:14:26 INFO     collector.collector: ✓ Saved: 000590.webp  (C, q=1.00)
20:14:26 ERROR    collector.collector: Worker error: Image size (101756928 pixels) exceeds limit of 89478485 pixels, could be decompression bomb DOS attack.
20:14:27 WARNING  collector.collector: Cannot open image: /var/folders/kp/vrxg7lfn57x0wclcf4tsybv00000gn/T/portrait_frame_scbyueeh/download.jpg — Image size (101756928 pixels) exceeds limit of 89478485 pixels, could be decompression bomb DOS attack.
20:14:28 INFO     collector.collector: ✓ Saved: 000591.webp  (C, q=0.54)
20:14:28 INFO     collector.collector: ✓ Saved: 000592.webp  (C, q=1.00)
20:14:29 INFO     collector.collector: ✓ Saved: 000593.webp  (C, q=0.69)
20:14:29 INFO     collector.collector: ✓ Saved: 000594.webp  (C, q=0.55)
20:14:31 WARNING  collector.collector: Cannot open image: /var/folders/kp/vrxg7lfn57x0wclcf4tsybv00000gn/T/portrait_frame_scbyueeh/download.jpg — Image size (101756928 pixels) exceeds limit of 89478485 pixels, could be decompression bomb DOS attack.
20:14:32 WARNING  collector.collector: Cannot open image: /var/folders/kp/vrxg7lfn57x0wclcf4tsybv00000gn/T/portrait_frame_scbyueeh/download.jpg — Image size (101756928 pixels) exceeds limit of 89478485 pixels, could be decompression bomb DOS attack.
20:14:33 INFO     collector.collector: ✓ Saved: 000595.webp  (C, q=1.00)
20:14:33 INFO     collector.collector: ✓ Saved: 000596.webp  (C, q=1.00)
20:14:35 INFO     collector.collector: ✓ Saved: 000597.webp  (C, q=1.00)
20:14:36 INFO     collector.collector: ✓ Saved: 000598.webp  (C, q=1.00)
20:14:36 INFO     collector.collector: ✓ Saved: 000599.webp  (C, q=1.00)
20:14:38 INFO     collector.collector: ✓ Saved: 000600.webp  (C, q=0.75)
20:14:40 WARNING  collector.collector: Cannot open image: /var/folders/kp/vrxg7lfn57x0wclcf4tsybv00000gn/T/portrait_frame_scbyueeh/download.jpg — cannot identify image file '/var/folders/kp/vrxg7lfn57x0wclcf4tsybv00000gn/T/portrait_frame_scbyueeh/download.jpg'
20:14:41 INFO     collector.collector: ✓ Saved: 000601.webp  (C, q=1.00)
20:14:42 INFO     collector.collector: ✓ Saved: 000602.webp  (C, q=1.00)
20:14:44 INFO     collector.collector: ✓ Saved: 000603.webp  (C, q=0.72)
20:14:44 INFO     collector.collector: ✓ Saved: 000604.webp  (C, q=1.00)
20:14:45 INFO     collector.collector: ✓ Saved: 000605.webp  (C, q=1.00)
20:14:47 INFO     collector.collector: ✓ Saved: 000606.webp  (C, q=0.86)
20:14:48 INFO     collector.collector: ✓ Saved: 000607.webp  (C, q=0.87)
20:14:49 INFO     collector.collector: ✓ Saved: 000608.webp  (C, q=1.00)
20:14:51 WARNING  collector.collector: Cannot open image: /var/folders/kp/vrxg7lfn57x0wclcf4tsybv00000gn/T/portrait_frame_scbyueeh/download.jpg — Image size (101756928 pixels) exceeds limit of 89478485 pixels, could be decompression bomb DOS attack.
20:14:51 WARNING  collector.collector: Cannot open image: /var/folders/kp/vrxg7lfn57x0wclcf4tsybv00000gn/T/portrait_frame_scbyueeh/download.jpg — Image size (101756928 pixels) exceeds limit of 89478485 pixels, could be decompression bomb DOS attack.
20:14:52 WARNING  collector.collector: Cannot open image: /var/folders/kp/vrxg7lfn57x0wclcf4tsybv00000gn/T/portrait_frame_scbyueeh/download.jpg — Image size (101756928 pixels) exceeds limit of 89478485 pixels, could be decompression bomb DOS attack.
20:14:54 WARNING  collector.collector: Cannot open image: /var/folders/kp/vrxg7lfn57x0wclcf4tsybv00000gn/T/portrait_frame_scbyueeh/download.jpg — Image size (101756928 pixels) exceeds limit of 89478485 pixels, could be decompression bomb DOS attack.
20:14:56 INFO     collector.collector: ✓ Saved: 000609.webp  (C, q=1.00)
20:14:58 INFO     collector.collector: ✓ Saved: 000610.webp  (C, q=0.57)
20:14:59 INFO     collector.collector: ✓ Saved: 000611.webp  (C, q=0.75)
20:15:01 INFO     collector.collector: ✓ Saved: 000612.webp  (C, q=1.00)
20:15:01 INFO     collector.collector: ✓ Saved: 000613.webp  (C, q=1.00)
20:15:01 INFO     collector.collector: ✓ Saved: 000614.webp  (C, q=1.00)
20:15:02 INFO     collector.collector: ✓ Saved: 000615.webp  (C, q=1.00)
20:15:04 INFO     collector.collector: ✓ Saved: 000616.webp  (C, q=0.94)
20:15:04 INFO     collector.collector: ✓ Saved: 000617.webp  (C, q=0.93)
20:15:04 INFO     collector.collector: ✓ Saved: 000618.webp  (C, q=0.93)
20:15:05 INFO     collector.collector: ✓ Saved: 000619.webp  (C, q=0.82)
20:15:06 INFO     collector.collector: ✓ Saved: 000620.webp  (C, q=0.79)
20:15:07 INFO     collector.collector: ✓ Saved: 000621.webp  (C, q=1.00)
20:15:10 INFO     collector.collector: ✓ Saved: 000622.webp  (C, q=0.90)
20:15:10 INFO     collector.collector: ✓ Saved: 000623.webp  (C, q=0.90)
20:15:10 INFO     collector.collector: ✓ Saved: 000624.webp  (C, q=0.90)
20:15:12 INFO     collector.collector: ✓ Saved: 000625.webp  (C, q=1.00)
20:15:12 INFO     collector.collector: ✓ Saved: 000626.webp  (C, q=1.00)
20:15:15 INFO     collector.collector: ✓ Saved: 000627.webp  (C, q=0.97)
20:15:15 INFO     collector.collector: ✓ Saved: 000628.webp  (C, q=1.00)
20:15:15 INFO     collector.collector: ✓ Saved: 000629.webp  (C, q=1.00)
20:15:17 INFO     collector.collector: ✓ Saved: 000630.webp  (C, q=0.99)
20:15:18 INFO     collector.collector: ✓ Saved: 000631.webp  (C, q=1.00)
20:15:20 INFO     collector.collector: ✓ Saved: 000632.webp  (C, q=0.88)
20:15:20 INFO     collector.collector: ✓ Saved: 000633.webp  (C, q=0.94)
20:15:21 INFO     collector.collector: ✓ Saved: 000634.webp  (C, q=0.94)
20:15:23 INFO     collector.collector: ✓ Saved: 000635.webp  (C, q=1.00)
20:15:23 INFO     collector.collector: ✓ Saved: 000636.webp  (C, q=1.00)
20:15:24 INFO     collector.collector: ✓ Saved: 000637.webp  (C, q=1.00)
20:15:25 INFO     collector.collector: ✓ Saved: 000638.webp  (C, q=0.90)
20:15:27 INFO     collector.collector: ✓ Saved: 000639.webp  (C, q=1.00)
20:15:28 INFO     collector.collector: ✓ Saved: 000640.webp  (C, q=1.00)
20:15:29 INFO     collector.collector: ✓ Saved: 000641.webp  (C, q=0.85)
20:15:31 INFO     collector.collector: ✓ Saved: 000642.webp  (C, q=1.00)
20:15:31 INFO     collector.collector: ✓ Saved: 000643.webp  (C, q=1.00)
20:15:32 INFO     collector.collector: ✓ Saved: 000644.webp  (C, q=1.00)
20:15:33 INFO     collector.collector: ✓ Saved: 000645.webp  (C, q=0.81)
20:15:33 INFO     collector.collector: ✓ Saved: 000646.webp  (C, q=0.67)
20:15:35 INFO     collector.collector: ✓ Saved: 000647.webp  (C, q=0.87)
20:15:36 INFO     collector.collector: ✓ Saved: 000648.webp  (C, q=1.00)
20:15:36 INFO     collector.collector: ✓ Saved: 000649.webp  (C, q=1.00)
20:15:40 INFO     collector.collector: ✓ Saved: 000650.webp  (C, q=1.00)
20:15:40 INFO     collector.collector: ✓ Saved: 000651.webp  (C, q=1.00)
20:15:40 INFO     collector.collector: ✓ Saved: 000652.webp  (C, q=1.00)
20:15:42 INFO     collector.collector: ✓ Saved: 000653.webp  (C, q=0.49)
20:15:44 INFO     collector.collector: ✓ Saved: 000654.webp  (C, q=1.00)
20:15:44 INFO     collector.collector: ✓ Saved: 000655.webp  (C, q=1.00)
20:15:45 INFO     collector.collector: ✓ Saved: 000656.webp  (C, q=0.89)
20:15:46 INFO     collector.collector: ✓ Saved: 000657.webp  (C, q=0.30)
20:15:46 INFO     collector.collector: ✓ Saved: 000658.webp  (C, q=0.32)
20:15:49 INFO     collector.collector: ✓ Saved: 000659.webp  (C, q=1.00)
20:15:49 INFO     collector.collector: ✓ Saved: 000660.webp  (C, q=1.00)
20:15:52 INFO     collector.collector: ✓ Saved: 000661.webp  (B, q=1.00)
20:15:54 INFO     collector.collector: ✓ Saved: 000662.webp  (C, q=1.00)
20:15:55 INFO     collector.collector: ✓ Saved: 000663.webp  (C, q=0.95)
20:15:55 INFO     collector.collector: ✓ Saved: 000664.webp  (C, q=0.47)
20:15:55 INFO     collector.collector: ✓ Saved: 000665.webp  (C, q=0.47)
20:15:57 INFO     collector.collector: ✓ Saved: 000666.webp  (C, q=1.00)
20:15:58 INFO     collector.collector: ✓ Saved: 000667.webp  (C, q=1.00)
20:15:58 INFO     collector.collector: ✓ Saved: 000668.webp  (C, q=1.00)
20:15:58 INFO     collector.collector: ✓ Saved: 000669.webp  (C, q=1.00)
20:16:01 INFO     collector.collector: ✓ Saved: 000670.webp  (C, q=0.79)
20:16:01 INFO     collector.collector: ✓ Saved: 000671.webp  (C, q=0.79)
20:16:02 INFO     collector.collector: ✓ Saved: 000672.webp  (C, q=1.00)
20:16:03 INFO     collector.collector: ✓ Saved: 000673.webp  (C, q=1.00)
20:16:04 INFO     collector.collector: ✓ Saved: 000674.webp  (C, q=1.00)
20:16:06 INFO     collector.collector: ✓ Saved: 000675.webp  (C, q=1.00)
20:16:07 INFO     collector.collector: ✓ Saved: 000676.webp  (C, q=1.00)
20:16:07 INFO     collector.collector: ✓ Saved: 000677.webp  (C, q=1.00)
20:16:10 INFO     collector.collector: ✓ Saved: 000678.webp  (C, q=1.00)
20:16:10 INFO     collector.collector: ✓ Saved: 000679.webp  (C, q=1.00)
20:16:10 INFO     collector.collector: ✓ Saved: 000680.webp  (C, q=1.00)
20:16:12 INFO     collector.collector: ✓ Saved: 000681.webp  (C, q=1.00)
20:16:13 INFO     collector.collector: ✓ Saved: 000682.webp  (C, q=0.77)
20:16:13 INFO     collector.collector: ✓ Saved: 000683.webp  (C, q=0.77)
20:16:14 INFO     collector.collector: ✓ Saved: 000684.webp  (C, q=1.00)
20:16:15 INFO     collector.collector: ✓ Saved: 000685.webp  (C, q=1.00)
20:16:15 INFO     collector.collector: ✓ Saved: 000686.webp  (C, q=1.00)
20:16:16 INFO     collector.collector: ✓ Saved: 000687.webp  (C, q=0.88)
20:16:17 INFO     collector.collector: ✓ Saved: 000688.webp  (C, q=1.00)
20:16:17 INFO     collector.collector: ✓ Saved: 000689.webp  (C, q=1.00)
20:16:18 INFO     collector.collector: ✓ Saved: 000690.webp  (C, q=1.00)
20:16:19 INFO     collector.collector: ✓ Saved: 000691.webp  (C, q=1.00)
20:16:20 INFO     collector.collector: ✓ Saved: 000692.webp  (C, q=1.00)
20:16:22 INFO     collector.collector: ✓ Saved: 000693.webp  (C, q=1.00)
20:16:22 INFO     collector.collector: ✓ Saved: 000694.webp  (C, q=1.00)
20:16:23 INFO     collector.collector: ✓ Saved: 000695.webp  (C, q=1.00)
20:16:24 INFO     collector.collector: ✓ Saved: 000696.webp  (C, q=1.00)
20:16:25 INFO     collector.collector: ✓ Saved: 000697.webp  (C, q=1.00)
20:16:25 INFO     collector.collector: ✓ Saved: 000698.webp  (C, q=0.77)
20:16:26 INFO     collector.collector: ✓ Saved: 000699.webp  (C, q=0.74)
20:16:27 INFO     collector.collector: ✓ Saved: 000700.webp  (C, q=0.71)
20:16:27 INFO     collector.collector: ✓ Saved: 000701.webp  (C, q=1.00)
20:16:28 INFO     collector.collector: ✓ Saved: 000702.webp  (C, q=1.00)
20:16:29 INFO     collector.collector: ✓ Saved: 000703.webp  (C, q=1.00)
20:16:32 INFO     collector.collector: ✓ Saved: 000704.webp  (C, q=0.86)
20:16:32 INFO     collector.collector: ✓ Saved: 000705.webp  (C, q=1.00)
20:16:32 INFO     collector.collector: ✓ Saved: 000706.webp  (C, q=0.48)
20:16:33 INFO     collector.collector: ✓ Saved: 000707.webp  (C, q=1.00)
20:16:34 INFO     collector.collector: ✓ Saved: 000708.webp  (C, q=1.00)
20:16:35 INFO     collector.collector: ✓ Saved: 000709.webp  (C, q=1.00)
20:16:36 INFO     collector.collector: ✓ Saved: 000710.webp  (C, q=1.00)
20:16:36 INFO     collector.collector: ✓ Saved: 000711.webp  (C, q=0.70)
20:16:38 INFO     collector.collector: ✓ Saved: 000712.webp  (C, q=1.00)
20:16:38 INFO     collector.collector: ✓ Saved: 000713.webp  (C, q=1.00)
20:16:39 INFO     collector.collector: ✓ Saved: 000714.webp  (C, q=1.00)
20:16:40 INFO     collector.collector: ✓ Saved: 000715.webp  (C, q=0.49)
20:16:41 INFO     collector.collector: ✓ Saved: 000716.webp  (C, q=1.00)
20:16:42 INFO     collector.collector: ✓ Saved: 000717.webp  (C, q=1.00)
20:16:43 INFO     collector.collector: ✓ Saved: 000718.webp  (C, q=1.00)
20:16:43 INFO     collector.collector: ✓ Saved: 000719.webp  (C, q=1.00)
20:16:43 INFO     collector.collector: ✓ Saved: 000720.webp  (C, q=1.00)
20:16:48 INFO     collector.collector: ✓ Saved: 000721.webp  (C, q=0.53)
20:16:53 INFO     collector.collector: ✓ Saved: 000722.webp  (C, q=0.87)
20:16:56 INFO     collector.collector: ✓ Saved: 000723.webp  (C, q=0.55)
20:16:58 INFO     collector.collector: ✓ Saved: 000724.webp  (C, q=1.00)
20:16:59 INFO     collector.collector: ✓ Saved: 000725.webp  (C, q=0.85)
20:17:00 INFO     collector.collector: ✓ Saved: 000726.webp  (C, q=1.00)
20:17:01 INFO     collector.collector: ✓ Saved: 000727.webp  (C, q=1.00)
20:17:02 INFO     collector.collector: ✓ Saved: 000728.webp  (C, q=0.48)
20:17:03 INFO     collector.collector: ✓ Saved: 000729.webp  (C, q=0.64)
20:17:05 INFO     collector.collector: ✓ Saved: 000730.webp  (C, q=1.00)
20:17:05 INFO     collector.collector: ✓ Saved: 000731.webp  (C, q=1.00)
20:17:05 INFO     collector.collector: ✓ Saved: 000732.webp  (C, q=1.00)
20:17:06 INFO     collector.collector: ✓ Saved: 000733.webp  (C, q=0.80)
20:17:08 INFO     collector.collector: ✓ Saved: 000734.webp  (C, q=0.58)
20:17:08 INFO     collector.collector: ✓ Saved: 000735.webp  (C, q=0.58)
20:17:12 INFO     collector.collector: ✓ Saved: 000736.webp  (C, q=0.66)
20:17:12 INFO     collector.collector: ✓ Saved: 000737.webp  (C, q=1.00)
20:17:12 INFO     collector.collector: ✓ Saved: 000738.webp  (C, q=1.00)
20:17:14 INFO     collector.collector: ✓ Saved: 000739.webp  (C, q=0.38)
20:17:15 INFO     collector.collector: ✓ Saved: 000740.webp  (C, q=1.00)
20:17:16 INFO     collector.collector: ✓ Saved: 000741.webp  (C, q=0.71)
20:17:16 INFO     collector.collector: ✓ Saved: 000742.webp  (C, q=0.80)
20:17:17 INFO     collector.collector: ✓ Saved: 000743.webp  (C, q=1.00)
20:17:18 INFO     collector.collector: ✓ Saved: 000744.webp  (C, q=0.98)
20:17:18 INFO     collector.collector: ✓ Saved: 000745.webp  (C, q=0.98)
20:17:20 INFO     collector.collector: ✓ Saved: 000746.webp  (C, q=1.00)
20:17:20 INFO     collector.collector: ✓ Saved: 000747.webp  (C, q=1.00)
20:17:21 INFO     collector.collector: ✓ Saved: 000748.webp  (C, q=0.49)
20:17:22 INFO     collector.collector: ✓ Saved: 000749.webp  (C, q=1.00)
20:17:22 INFO     collector.collector: ✓ Saved: 000750.webp  (C, q=1.00)
20:17:25 INFO     collector.collector: ✓ Saved: 000751.webp  (C, q=0.26)
20:17:25 INFO     collector.collector: ✓ Saved: 000752.webp  (C, q=0.26)
20:17:27 INFO     collector.collector: ✓ Saved: 000753.webp  (C, q=1.00)
20:17:27 INFO     collector.collector: ✓ Saved: 000754.webp  (C, q=1.00)
20:17:29 INFO     collector.collector: ✓ Saved: 000755.webp  (C, q=1.00)
20:17:30 INFO     collector.collector: ✓ Saved: 000756.webp  (C, q=1.00)
20:17:30 INFO     collector.collector: ✓ Saved: 000757.webp  (C, q=0.73)
20:17:31 INFO     collector.collector: ✓ Saved: 000758.webp  (C, q=0.73)
20:17:31 INFO     collector.collector: ✓ Saved: 000759.webp  (C, q=0.68)
20:17:34 INFO     collector.collector: ✓ Saved: 000760.webp  (C, q=0.60)
20:17:34 INFO     collector.collector: ✓ Saved: 000761.webp  (C, q=1.00)
20:17:34 INFO     collector.collector: ✓ Saved: 000762.webp  (C, q=1.00)
20:17:35 INFO     collector.collector: ✓ Saved: 000763.webp  (C, q=1.00)
20:17:37 INFO     collector.collector: ✓ Saved: 000764.webp  (C, q=1.00)
20:17:37 INFO     collector.collector: ✓ Saved: 000765.webp  (C, q=1.00)
20:17:40 INFO     collector.collector: ✓ Saved: 000766.webp  (C, q=1.00)
20:17:41 INFO     collector.collector: ✓ Saved: 000767.webp  (C, q=0.55)
20:17:42 INFO     collector.collector: ✓ Saved: 000768.webp  (C, q=0.85)
20:17:42 INFO     collector.collector: ✓ Saved: 000769.webp  (C, q=0.85)
20:17:43 INFO     collector.collector: ✓ Saved: 000770.webp  (C, q=0.84)
20:17:43 INFO     collector.collector: ✓ Saved: 000771.webp  (C, q=0.51)
20:17:45 INFO     collector.collector: ✓ Saved: 000772.webp  (C, q=1.00)
20:17:45 INFO     collector.collector: ✓ Saved: 000773.webp  (C, q=1.00)
20:17:46 INFO     collector.collector: ✓ Saved: 000774.webp  (C, q=1.00)
20:17:47 INFO     collector.collector: ✓ Saved: 000775.webp  (C, q=0.71)
20:17:48 INFO     collector.collector: ✓ Saved: 000776.webp  (C, q=0.66)
20:17:48 INFO     collector.collector: ✓ Saved: 000777.webp  (C, q=0.53)
20:17:48 INFO     collector.collector: ✓ Saved: 000778.webp  (C, q=0.53)
20:17:50 INFO     collector.collector: ✓ Saved: 000779.webp  (C, q=0.62)
20:17:51 INFO     collector.collector: ✓ Saved: 000780.webp  (C, q=1.00)
20:17:51 INFO     collector.collector: ✓ Saved: 000781.webp  (C, q=1.00)
20:17:53 INFO     collector.collector: ✓ Saved: 000782.webp  (C, q=1.00)
20:17:53 INFO     collector.collector: ✓ Saved: 000783.webp  (C, q=1.00)
20:17:54 INFO     collector.collector: ✓ Saved: 000784.webp  (C, q=0.90)
20:17:55 INFO     collector.collector: ✓ Saved: 000785.webp  (C, q=0.49)
20:17:56 INFO     collector.collector: ✓ Saved: 000786.webp  (C, q=1.00)
20:17:57 INFO     collector.collector: ✓ Saved: 000787.webp  (C, q=1.00)
20:17:58 INFO     collector.collector: ✓ Saved: 000788.webp  (C, q=1.00)
20:17:58 INFO     collector.collector: ✓ Saved: 000789.webp  (C, q=1.00)
20:18:00 INFO     collector.collector: ✓ Saved: 000790.webp  (C, q=1.00)
20:18:02 INFO     collector.collector: ✓ Saved: 000791.webp  (C, q=0.95)
20:18:03 INFO     collector.collector: ✓ Saved: 000792.webp  (C, q=1.00)
20:18:03 INFO     collector.collector: ✓ Saved: 000793.webp  (C, q=1.00)
20:18:04 INFO     collector.collector: ✓ Saved: 000794.webp  (C, q=1.00)
20:18:05 INFO     collector.collector: ✓ Saved: 000795.webp  (C, q=0.70)
20:18:05 INFO     collector.collector: ✓ Saved: 000796.webp  (C, q=0.70)
20:18:06 INFO     collector.collector: ✓ Saved: 000797.webp  (C, q=0.63)
20:18:06 INFO     collector.collector: ✓ Saved: 000798.webp  (C, q=0.63)
20:18:08 INFO     collector.collector: ✓ Saved: 000799.webp  (C, q=1.00)
20:18:08 INFO     collector.collector: ✓ Saved: 000800.webp  (C, q=1.00)
20:18:08 INFO     collector.collector: ✓ Saved: 000801.webp  (C, q=1.00)
20:18:10 WARNING  collector.collector: Cannot open image: /var/folders/kp/vrxg7lfn57x0wclcf4tsybv00000gn/T/portrait_frame_scbyueeh/download.jpg — cannot identify image file '/var/folders/kp/vrxg7lfn57x0wclcf4tsybv00000gn/T/portrait_frame_scbyueeh/download.jpg'
20:18:10 INFO     collector.collector: ✓ Saved: 000802.webp  (C, q=0.81)
20:18:10 INFO     collector.collector: [unsplash] Done — accepted=280, skipped=262, rejected=58
20:18:10 INFO     collector.collector: === Source: pexels ===
20:18:12 INFO     collector.sources.pexels: [pexels] q='portrait architecture' → 100 candidates
20:18:14 INFO     collector.sources.pexels: [pexels] q='dark forest' → 100 candidates
20:18:16 INFO     collector.sources.pexels: [pexels] q='night city' → 100 candidates
20:18:18 INFO     collector.sources.pexels: [pexels] q='space nebula' → 100 candidates
20:18:20 INFO     collector.sources.pexels: [pexels] q='abstract' → 100 candidates
20:18:20 INFO     collector.collector: [pexels] 491 candidates → 3 workers
20:18:21 INFO     collector.collector: ✓ Saved: 000803.webp  (C, q=0.53)
20:18:23 INFO     collector.collector: ✓ Saved: 000804.webp  (C, q=0.55)
20:18:23 INFO     collector.collector: ✓ Saved: 000805.webp  (C, q=0.83)
20:18:24 INFO     collector.collector: ✓ Saved: 000806.webp  (C, q=1.00)
20:18:24 INFO     collector.collector: ✓ Saved: 000807.webp  (C, q=1.00)
20:18:25 INFO     collector.collector: ✓ Saved: 000808.webp  (C, q=0.64)
20:18:26 INFO     collector.collector: ✓ Saved: 000809.webp  (C, q=1.00)
20:18:27 INFO     collector.collector: ✓ Saved: 000810.webp  (C, q=1.00)
20:18:27 INFO     collector.collector: ✓ Saved: 000811.webp  (C, q=1.00)
20:18:28 INFO     collector.collector: ✓ Saved: 000812.webp  (C, q=0.70)
20:18:28 INFO     collector.collector: ✓ Saved: 000813.webp  (C, q=0.56)
20:18:29 INFO     collector.collector: ✓ Saved: 000814.webp  (C, q=1.00)
20:18:30 INFO     collector.collector: ✓ Saved: 000815.webp  (C, q=1.00)
20:18:30 INFO     collector.collector: ✓ Saved: 000816.webp  (C, q=1.00)
20:18:32 INFO     collector.collector: ✓ Saved: 000817.webp  (C, q=1.00)
20:18:33 INFO     collector.collector: ✓ Saved: 000818.webp  (C, q=0.90)
20:18:33 INFO     collector.collector: ✓ Saved: 000819.webp  (C, q=0.90)
20:18:34 INFO     collector.collector: ✓ Saved: 000820.webp  (C, q=0.66)
20:18:35 INFO     collector.collector: ✓ Saved: 000821.webp  (C, q=0.96)
20:18:35 INFO     collector.collector: ✓ Saved: 000822.webp  (C, q=0.87)
20:18:36 INFO     collector.collector: ✓ Saved: 000823.webp  (C, q=1.00)
20:18:36 INFO     collector.collector: ✓ Saved: 000824.webp  (C, q=1.00)
20:18:37 INFO     collector.collector: ✓ Saved: 000825.webp  (C, q=0.66)
20:18:39 INFO     collector.collector: ✓ Saved: 000826.webp  (C, q=0.80)
20:18:39 INFO     collector.collector: ✓ Saved: 000827.webp  (C, q=1.00)
20:18:39 INFO     collector.collector: ✓ Saved: 000828.webp  (C, q=1.00)
20:18:40 INFO     collector.collector: ✓ Saved: 000829.webp  (C, q=0.63)
20:18:41 WARNING  collector.collector: Cannot open image: /var/folders/kp/vrxg7lfn57x0wclcf4tsybv00000gn/T/portrait_frame_4ycygs0c/download.jpeg — cannot identify image file '/var/folders/kp/vrxg7lfn57x0wclcf4tsybv00000gn/T/portrait_frame_4ycygs0c/download.jpeg'
20:18:42 INFO     collector.collector: ✓ Saved: 000830.webp  (C, q=0.75)
20:18:42 INFO     collector.collector: ✓ Saved: 000831.webp  (C, q=0.75)
20:18:43 INFO     collector.collector: ✓ Saved: 000832.webp  (C, q=0.64)
20:18:44 INFO     collector.collector: ✓ Saved: 000833.webp  (C, q=0.51)
20:18:44 INFO     collector.collector: ✓ Saved: 000834.webp  (C, q=0.51)
20:18:45 INFO     collector.collector: ✓ Saved: 000835.webp  (C, q=0.51)
20:18:45 INFO     collector.collector: ✓ Saved: 000836.webp  (C, q=1.00)
20:18:47 INFO     collector.collector: ✓ Saved: 000837.webp  (C, q=0.68)
20:18:47 INFO     collector.collector: ✓ Saved: 000838.webp  (C, q=1.00)
20:18:48 INFO     collector.collector: ✓ Saved: 000839.webp  (C, q=1.00)
20:18:48 INFO     collector.collector: ✓ Saved: 000840.webp  (C, q=0.84)
20:18:49 INFO     collector.collector: ✓ Saved: 000841.webp  (C, q=0.67)
20:18:50 INFO     collector.collector: ✓ Saved: 000842.webp  (C, q=0.81)
20:18:50 INFO     collector.collector: ✓ Saved: 000843.webp  (C, q=0.51)
20:18:51 INFO     collector.collector: ✓ Saved: 000844.webp  (C, q=1.00)
20:18:52 INFO     collector.collector: ✓ Saved: 000845.webp  (C, q=1.00)
20:18:52 INFO     collector.collector: ✓ Saved: 000846.webp  (C, q=1.00)
20:18:52 INFO     collector.collector: ✓ Saved: 000847.webp  (C, q=0.71)
20:18:53 INFO     collector.collector: ✓ Saved: 000848.webp  (C, q=1.00)
20:18:54 INFO     collector.collector: ✓ Saved: 000849.webp  (C, q=0.30)
20:18:54 INFO     collector.collector: ✓ Saved: 000850.webp  (C, q=1.00)
20:18:55 INFO     collector.collector: ✓ Saved: 000851.webp  (C, q=1.00)
20:18:56 INFO     collector.collector: ✓ Saved: 000852.webp  (C, q=1.00)
20:18:57 INFO     collector.collector: ✓ Saved: 000853.webp  (C, q=1.00)
20:18:57 INFO     collector.collector: ✓ Saved: 000854.webp  (C, q=1.00)
20:18:59 INFO     collector.collector: ✓ Saved: 000855.webp  (C, q=1.00)
20:19:01 INFO     collector.collector: ✓ Saved: 000856.webp  (C, q=1.00)
20:19:10 INFO     collector.collector: ✓ Saved: 000857.webp  (C, q=0.46)
20:19:11 INFO     collector.collector: ✓ Saved: 000858.webp  (C, q=0.99)
20:19:14 WARNING  collector.collector: Cannot open image: /var/folders/kp/vrxg7lfn57x0wclcf4tsybv00000gn/T/portrait_frame_4ycygs0c/download.png — Truncated File Read
20:19:14 INFO     collector.collector: ✓ Saved: 000859.webp  (C, q=1.00)
20:19:16 INFO     collector.collector: ✓ Saved: 000860.webp  (C, q=1.00)
20:19:17 INFO     collector.collector: ✓ Saved: 000861.webp  (C, q=0.48)
20:19:17 INFO     collector.collector: ✓ Saved: 000862.webp  (C, q=1.00)
20:19:19 INFO     collector.collector: ✓ Saved: 000863.webp  (C, q=1.00)
20:19:19 INFO     collector.collector: ✓ Saved: 000864.webp  (C, q=1.00)
20:19:20 INFO     collector.collector: ✓ Saved: 000865.webp  (C, q=0.53)
20:19:21 INFO     collector.collector: ✓ Saved: 000866.webp  (C, q=1.00)
20:19:23 WARNING  collector.collector: Cannot open image: /var/folders/kp/vrxg7lfn57x0wclcf4tsybv00000gn/T/portrait_frame_4ycygs0c/download.jpeg — Image size (96000000 pixels) exceeds limit of 89478485 pixels, could be decompression bomb DOS attack.
20:19:24 INFO     collector.collector: ✓ Saved: 000867.webp  (C, q=1.00)
20:19:27 INFO     collector.collector: ✓ Saved: 000868.webp  (C, q=1.00)
20:19:28 INFO     collector.collector: ✓ Saved: 000869.webp  (C, q=1.00)
20:19:29 INFO     collector.collector: ✓ Saved: 000870.webp  (C, q=1.00)
20:19:29 INFO     collector.collector: ✓ Saved: 000871.webp  (C, q=0.89)
20:19:31 INFO     collector.collector: ✓ Saved: 000872.webp  (C, q=1.00)
20:19:32 INFO     collector.collector: ✓ Saved: 000873.webp  (C, q=1.00)
20:19:33 INFO     collector.collector: ✓ Saved: 000874.webp  (C, q=1.00)
20:19:33 INFO     collector.collector: ✓ Saved: 000875.webp  (C, q=0.76)
20:19:33 INFO     collector.collector: ✓ Saved: 000876.webp  (C, q=1.00)
20:19:34 INFO     collector.collector: ✓ Saved: 000877.webp  (C, q=0.73)
20:19:36 INFO     collector.collector: ✓ Saved: 000878.webp  (C, q=1.00)
20:19:36 INFO     collector.collector: ✓ Saved: 000879.webp  (C, q=1.00)
20:19:36 INFO     collector.collector: ✓ Saved: 000880.webp  (C, q=1.00)
20:19:38 INFO     collector.collector: ✓ Saved: 000881.webp  (C, q=1.00)
20:19:38 INFO     collector.collector: ✓ Saved: 000882.webp  (C, q=1.00)
20:19:38 INFO     collector.collector: ✓ Saved: 000883.webp  (C, q=1.00)
20:19:39 INFO     collector.collector: ✓ Saved: 000884.webp  (C, q=1.00)
20:19:40 INFO     collector.collector: ✓ Saved: 000885.webp  (C, q=1.00)
20:19:41 WARNING  collector.collector: Cannot open image: /var/folders/kp/vrxg7lfn57x0wclcf4tsybv00000gn/T/portrait_frame_4ycygs0c/download.jpeg — cannot identify image file '/var/folders/kp/vrxg7lfn57x0wclcf4tsybv00000gn/T/portrait_frame_4ycygs0c/download.jpeg'
20:19:42 INFO     collector.collector: ✓ Saved: 000886.webp  (C, q=0.42)
20:19:43 INFO     collector.collector: ✓ Saved: 000887.webp  (C, q=0.50)
20:19:44 INFO     collector.collector: ✓ Saved: 000888.webp  (C, q=1.00)
20:19:44 INFO     collector.collector: ✓ Saved: 000889.webp  (C, q=1.00)
20:19:46 INFO     collector.collector: ✓ Saved: 000890.webp  (C, q=1.00)
20:19:47 INFO     collector.collector: ✓ Saved: 000891.webp  (C, q=1.00)
20:19:48 INFO     collector.collector: ✓ Saved: 000892.webp  (C, q=1.00)
20:19:48 INFO     collector.collector: ✓ Saved: 000893.webp  (C, q=0.91)
20:19:51 INFO     collector.collector: ✓ Saved: 000894.webp  (C, q=1.00)
20:19:53 INFO     collector.collector: ✓ Saved: 000895.webp  (C, q=1.00)
20:19:53 INFO     collector.collector: ✓ Saved: 000896.webp  (C, q=1.00)
20:19:54 INFO     collector.collector: ✓ Saved: 000897.webp  (C, q=1.00)
20:19:55 INFO     collector.collector: ✓ Saved: 000898.webp  (C, q=0.75)
20:19:55 INFO     collector.collector: ✓ Saved: 000899.webp  (C, q=1.00)
20:19:57 INFO     collector.collector: ✓ Saved: 000900.webp  (C, q=1.00)
20:19:57 INFO     collector.collector: ✓ Saved: 000901.webp  (C, q=1.00)
20:19:57 INFO     collector.collector: ✓ Saved: 000902.webp  (C, q=1.00)
20:19:58 INFO     collector.collector: ✓ Saved: 000903.webp  (C, q=1.00)
20:19:59 INFO     collector.collector: ✓ Saved: 000904.webp  (C, q=1.00)
20:20:00 INFO     collector.collector: ✓ Saved: 000905.webp  (C, q=1.00)
20:20:01 INFO     collector.collector: ✓ Saved: 000906.webp  (C, q=1.00)
20:20:02 INFO     collector.collector: ✓ Saved: 000907.webp  (C, q=1.00)
20:20:02 INFO     collector.collector: ✓ Saved: 000908.webp  (C, q=0.96)
20:20:03 INFO     collector.collector: ✓ Saved: 000909.webp  (C, q=1.00)
20:20:04 INFO     collector.collector: ✓ Saved: 000910.webp  (C, q=1.00)
20:20:05 INFO     collector.collector: ✓ Saved: 000911.webp  (C, q=1.00)
20:20:05 INFO     collector.collector: ✓ Saved: 000912.webp  (C, q=1.00)
20:20:06 INFO     collector.collector: ✓ Saved: 000913.webp  (C, q=0.89)
20:20:07 INFO     collector.collector: ✓ Saved: 000914.webp  (C, q=1.00)
20:20:08 INFO     collector.collector: ✓ Saved: 000915.webp  (C, q=0.98)
20:20:09 INFO     collector.collector: ✓ Saved: 000916.webp  (C, q=0.81)
20:20:10 INFO     collector.collector: ✓ Saved: 000917.webp  (C, q=0.99)
20:20:11 INFO     collector.collector: ✓ Saved: 000918.webp  (C, q=0.54)
20:20:11 INFO     collector.collector: ✓ Saved: 000919.webp  (C, q=1.00)
20:20:12 INFO     collector.collector: ✓ Saved: 000920.webp  (C, q=1.00)
20:20:13 INFO     collector.collector: ✓ Saved: 000921.webp  (C, q=1.00)
20:20:13 INFO     collector.collector: ✓ Saved: 000922.webp  (C, q=0.50)
20:20:14 INFO     collector.collector: ✓ Saved: 000923.webp  (C, q=1.00)
20:20:15 INFO     collector.collector: ✓ Saved: 000924.webp  (C, q=1.00)
20:20:16 INFO     collector.collector: ✓ Saved: 000925.webp  (C, q=1.00)
20:20:16 INFO     collector.collector: ✓ Saved: 000926.webp  (C, q=1.00)
20:20:18 INFO     collector.collector: ✓ Saved: 000927.webp  (C, q=1.00)
20:20:18 INFO     collector.collector: ✓ Saved: 000928.webp  (C, q=1.00)
20:20:19 INFO     collector.collector: ✓ Saved: 000929.webp  (C, q=1.00)
20:20:20 INFO     collector.collector: ✓ Saved: 000930.webp  (C, q=1.00)
20:20:21 INFO     collector.collector: ✓ Saved: 000931.webp  (C, q=1.00)
20:20:22 INFO     collector.collector: ✓ Saved: 000932.webp  (C, q=0.90)
20:20:24 INFO     collector.collector: ✓ Saved: 000933.webp  (C, q=0.53)
20:20:24 INFO     collector.collector: ✓ Saved: 000934.webp  (C, q=0.71)
20:20:24 INFO     collector.collector: ✓ Saved: 000935.webp  (C, q=1.00)
20:20:25 INFO     collector.collector: ✓ Saved: 000936.webp  (C, q=1.00)
20:20:27 WARNING  collector.collector: Cannot open image: /var/folders/kp/vrxg7lfn57x0wclcf4tsybv00000gn/T/portrait_frame_4ycygs0c/download.jpeg — Image size (96000000 pixels) exceeds limit of 89478485 pixels, could be decompression bomb DOS attack.
20:20:28 INFO     collector.collector: ✓ Saved: 000937.webp  (C, q=1.00)
20:20:28 INFO     collector.collector: ✓ Saved: 000938.webp  (C, q=1.00)
20:20:34 INFO     collector.collector: ✓ Saved: 000939.webp  (C, q=0.90)
20:20:37 INFO     collector.collector: ✓ Saved: 000940.webp  (C, q=0.79)
20:20:38 INFO     collector.collector: ✓ Saved: 000941.webp  (C, q=0.62)
20:20:39 INFO     collector.collector: ✓ Saved: 000942.webp  (C, q=0.62)
20:20:39 INFO     collector.collector: ✓ Saved: 000943.webp  (C, q=1.00)
20:20:39 INFO     collector.collector: ✓ Saved: 000944.webp  (C, q=0.64)
20:20:41 INFO     collector.collector: ✓ Saved: 000945.webp  (C, q=1.00)
20:20:42 INFO     collector.collector: ✓ Saved: 000946.webp  (C, q=0.90)
20:20:43 WARNING  collector.collector: Cannot open image: /var/folders/kp/vrxg7lfn57x0wclcf4tsybv00000gn/T/portrait_frame_4ycygs0c/download.jpeg — cannot identify image file '/var/folders/kp/vrxg7lfn57x0wclcf4tsybv00000gn/T/portrait_frame_4ycygs0c/download.jpeg'
20:20:43 INFO     collector.collector: ✓ Saved: 000947.webp  (C, q=1.00)
20:20:44 INFO     collector.collector: ✓ Saved: 000948.webp  (C, q=1.00)
20:20:47 INFO     collector.collector: ✓ Saved: 000949.webp  (C, q=1.00)
20:20:47 INFO     collector.collector: ✓ Saved: 000950.webp  (C, q=1.00)
20:20:48 INFO     collector.collector: ✓ Saved: 000951.webp  (C, q=1.00)
20:20:49 INFO     collector.collector: ✓ Saved: 000952.webp  (C, q=1.00)
20:20:50 INFO     collector.collector: ✓ Saved: 000953.webp  (C, q=0.53)
20:20:52 INFO     collector.collector: ✓ Saved: 000954.webp  (C, q=0.90)
20:20:52 INFO     collector.collector: ✓ Saved: 000955.webp  (C, q=0.63)
20:20:54 INFO     collector.collector: ✓ Saved: 000956.webp  (C, q=1.00)
20:20:56 INFO     collector.collector: ✓ Saved: 000957.webp  (C, q=1.00)
20:20:57 INFO     collector.collector: ✓ Saved: 000958.webp  (C, q=0.58)
20:20:57 INFO     collector.collector: ✓ Saved: 000959.webp  (C, q=0.58)
20:21:02 INFO     collector.collector: ✓ Saved: 000960.webp  (C, q=1.00)
20:21:03 INFO     collector.collector: ✓ Saved: 000961.webp  (C, q=0.41)
20:21:04 INFO     collector.collector: ✓ Saved: 000962.webp  (C, q=0.94)
20:21:04 INFO     collector.collector: ✓ Saved: 000963.webp  (C, q=1.00)
20:21:05 INFO     collector.collector: ✓ Saved: 000964.webp  (C, q=1.00)
20:21:05 INFO     collector.collector: ✓ Saved: 000965.webp  (C, q=0.98)
20:21:08 INFO     collector.collector: ✓ Saved: 000966.webp  (C, q=0.45)
20:21:08 INFO     collector.collector: ✓ Saved: 000967.webp  (C, q=0.44)
20:21:09 INFO     collector.collector: ✓ Saved: 000968.webp  (C, q=1.00)
20:21:10 INFO     collector.collector: ✓ Saved: 000969.webp  (C, q=1.00)
20:21:12 INFO     collector.collector: ✓ Saved: 000970.webp  (C, q=0.43)
20:21:12 INFO     collector.collector: ✓ Saved: 000971.webp  (C, q=0.43)
20:21:12 INFO     collector.collector: ✓ Saved: 000972.webp  (C, q=0.43)
20:21:13 INFO     collector.collector: ✓ Saved: 000973.webp  (C, q=0.40)
20:21:15 INFO     collector.collector: ✓ Saved: 000974.webp  (C, q=0.91)
20:21:17 INFO     collector.collector: ✓ Saved: 000975.webp  (C, q=1.00)
20:21:17 INFO     collector.collector: ✓ Saved: 000976.webp  (C, q=0.81)
20:21:18 INFO     collector.collector: ✓ Saved: 000977.webp  (C, q=0.83)
20:21:20 INFO     collector.collector: ✓ Saved: 000978.webp  (C, q=1.00)
20:21:21 INFO     collector.collector: ✓ Saved: 000979.webp  (C, q=0.83)
20:21:22 INFO     collector.collector: ✓ Saved: 000980.webp  (C, q=0.64)
20:21:22 INFO     collector.collector: ✓ Saved: 000981.webp  (C, q=0.64)
20:21:24 INFO     collector.collector: ✓ Saved: 000982.webp  (C, q=1.00)
20:21:25 INFO     collector.collector: ✓ Saved: 000983.webp  (C, q=1.00)
20:21:25 INFO     collector.collector: ✓ Saved: 000984.webp  (C, q=0.52)
20:21:25 INFO     collector.collector: ✓ Saved: 000985.webp  (C, q=0.52)
20:21:26 INFO     collector.collector: ✓ Saved: 000986.webp  (C, q=1.00)
20:21:27 INFO     collector.collector: ✓ Saved: 000987.webp  (C, q=0.67)
20:21:27 INFO     collector.collector: ✓ Saved: 000988.webp  (C, q=1.00)
20:21:29 INFO     collector.collector: ✓ Saved: 000989.webp  (C, q=1.00)
20:21:29 INFO     collector.collector: ✓ Saved: 000990.webp  (C, q=1.00)
20:21:30 INFO     collector.collector: ✓ Saved: 000991.webp  (C, q=1.00)
20:21:31 INFO     collector.collector: ✓ Saved: 000992.webp  (C, q=1.00)
20:21:35 INFO     collector.collector: ✓ Saved: 000993.webp  (C, q=1.00)
20:21:37 INFO     collector.collector: ✓ Saved: 000994.webp  (C, q=0.69)
20:21:37 INFO     collector.collector: ✓ Saved: 000995.webp  (C, q=0.69)
20:21:38 INFO     collector.collector: ✓ Saved: 000996.webp  (C, q=1.00)
20:21:39 INFO     collector.collector: ✓ Saved: 000997.webp  (C, q=0.35)
20:21:40 INFO     collector.collector: ✓ Saved: 000998.webp  (C, q=1.00)
20:21:40 INFO     collector.collector: ✓ Saved: 000999.webp  (C, q=0.52)
20:21:42 INFO     collector.collector: ✓ Saved: 001000.webp  (C, q=1.00)
20:21:42 INFO     collector.collector: ✓ Saved: 001001.webp  (C, q=0.49)
20:21:43 INFO     collector.collector: ✓ Saved: 001002.webp  (C, q=1.00)
20:21:43 INFO     collector.collector: ✓ Saved: 001003.webp  (C, q=0.47)
20:21:44 INFO     collector.collector: ✓ Saved: 001004.webp  (C, q=1.00)
20:21:45 INFO     collector.collector: ✓ Saved: 001005.webp  (C, q=1.00)
20:21:47 INFO     collector.collector: ✓ Saved: 001006.webp  (C, q=1.00)
20:21:48 INFO     collector.collector: ✓ Saved: 001007.webp  (C, q=0.61)
20:21:48 INFO     collector.collector: ✓ Saved: 001008.webp  (C, q=0.61)
20:21:49 INFO     collector.collector: ✓ Saved: 001009.webp  (C, q=0.52)
20:21:51 INFO     collector.collector: ✓ Saved: 001010.webp  (C, q=1.00)
20:21:51 INFO     collector.collector: ✓ Saved: 001011.webp  (C, q=0.92)
20:21:51 INFO     collector.collector: ✓ Saved: 001012.webp  (C, q=0.53)
20:21:53 INFO     collector.collector: ✓ Saved: 001013.webp  (C, q=1.00)
20:21:53 INFO     collector.collector: ✓ Saved: 001014.webp  (C, q=0.98)
20:21:54 INFO     collector.collector: ✓ Saved: 001015.webp  (C, q=0.49)
20:21:55 INFO     collector.collector: ✓ Saved: 001016.webp  (C, q=1.00)
20:21:56 INFO     collector.collector: ✓ Saved: 001017.webp  (C, q=1.00)
20:21:58 INFO     collector.collector: ✓ Saved: 001018.webp  (C, q=1.00)
20:22:00 ERROR    collector.collector: Worker error: cannot identify image file '/var/folders/kp/vrxg7lfn57x0wclcf4tsybv00000gn/T/portrait_frame_4ycygs0c/download.jpeg'
20:22:01 INFO     collector.collector: ✓ Saved: 001019.webp  (C, q=0.74)
20:22:01 INFO     collector.collector: ✓ Saved: 001020.webp  (C, q=0.48)
20:22:02 INFO     collector.collector: ✓ Saved: 001021.webp  (C, q=0.48)
20:22:03 INFO     collector.collector: ✓ Saved: 001022.webp  (C, q=1.00)
20:22:04 INFO     collector.collector: ✓ Saved: 001023.webp  (C, q=1.00)
20:22:04 INFO     collector.collector: ✓ Saved: 001024.webp  (C, q=0.33)
20:22:04 INFO     collector.collector: [pexels] Done — accepted=222, skipped=238, rejected=31
20:25:44 INFO     collector.collector: Source enabled: wallhaven
20:25:44 INFO     collector.collector: Source enabled: artstation
20:25:44 INFO     collector.collector: Source enabled: unsplash
20:25:44 INFO     collector.collector: Source enabled: pexels
20:25:44 INFO     collector.collector: === Source: wallhaven ===
20:25:44 INFO     collector.sources.wallhaven: [wallhaven] query='' tier=1 → 5 candidates
20:25:45 INFO     collector.sources.wallhaven: [wallhaven] query='dark' tier=1 → 0 candidates
20:25:46 INFO     collector.sources.wallhaven: [wallhaven] query='architecture' tier=1 → 0 candidates
20:25:47 INFO     collector.sources.wallhaven: [wallhaven] query='nature' tier=1 → 1 candidates
20:25:48 INFO     collector.sources.wallhaven: [wallhaven] query='space' tier=1 → 0 candidates
20:25:49 INFO     collector.sources.wallhaven: [wallhaven] query='minimal' tier=1 → 0 candidates
20:25:50 INFO     collector.sources.wallhaven: [wallhaven] query='city' tier=1 → 1 candidates
20:25:51 INFO     collector.sources.wallhaven: [wallhaven] query='forest' tier=1 → 0 candidates
20:25:52 INFO     collector.sources.wallhaven: [wallhaven] query='abstract' tier=1 → 0 candidates
20:25:53 INFO     collector.sources.wallhaven: [wallhaven] query='cyberpunk' tier=1 → 2 candidates
20:25:54 INFO     collector.sources.wallhaven: [wallhaven] query='mountain' tier=1 → 0 candidates
20:25:55 INFO     collector.sources.wallhaven: [wallhaven] query='photography' tier=1 → 1 candidates
20:25:56 INFO     collector.sources.wallhaven: [wallhaven] query='vertical ultrawide' tier=2 → 0 candidates
20:25:57 INFO     collector.sources.wallhaven: [wallhaven] query='portrait ultrawide' tier=2 → 0 candidates
20:25:58 INFO     collector.sources.wallhaven: [wallhaven] query='vertical wallpaper' tier=2 → 0 candidates
20:25:59 INFO     collector.sources.wallhaven: [wallhaven] query='dark architecture' tier=2 → 8 candidates
20:26:00 INFO     collector.sources.wallhaven: [wallhaven] query='minimal dark' tier=2 → 20 candidates
20:26:01 INFO     collector.sources.wallhaven: [wallhaven] query='forest night' tier=2 → 7 candidates
20:26:02 INFO     collector.sources.wallhaven: [wallhaven] query='space galaxy' tier=2 → 11 candidates
20:26:03 INFO     collector.sources.wallhaven: [wallhaven] query='city rain' tier=2 → 6 candidates
20:26:03 INFO     collector.collector: [wallhaven] 54 candidates → 3 workers
20:26:05 WARNING  collector.collector: Normalization failed: https://wallhaven.cc/w/3l9egv — Image too small: 3440×1440 < 1440×3440
20:26:09 INFO     collector.collector: [wallhaven] Done — accepted=0, skipped=49, rejected=5
20:26:09 INFO     collector.collector: === Source: artstation ===
20:26:09 WARNING  collector.downloader: API request failed (attempt 1/3): 404 Client Error: Not Found for url: https://www.artstation.com/api/v2/artworks.json?page=1&per_page=50&sorting=trending — retry in 1s
20:26:10 WARNING  collector.downloader: API request failed (attempt 2/3): 404 Client Error: Not Found for url: https://www.artstation.com/api/v2/artworks.json?page=1&per_page=50&sorting=trending — retry in 2s
20:26:12 WARNING  collector.downloader: API request failed (attempt 3/3): 404 Client Error: Not Found for url: https://www.artstation.com/api/v2/artworks.json?page=1&per_page=50&sorting=trending — retry in 4s
20:26:16 ERROR    collector.sources.artstation: [artstation] fetch failed: API request failed for https://www.artstation.com/api/v2/artworks.json?page=1&per_page=50&sorting=trending: 404 Client Error: Not Found for url: https://www.artstation.com/api/v2/artworks.json?page=1&per_page=50&sorting=trending
20:26:17 WARNING  collector.downloader: API request failed (attempt 1/3): 404 Client Error: Not Found for url: https://www.artstation.com/api/v2/artworks.json?page=1&per_page=50&sorting=latest — retry in 1s
20:26:18 WARNING  collector.downloader: API request failed (attempt 2/3): 404 Client Error: Not Found for url: https://www.artstation.com/api/v2/artworks.json?page=1&per_page=50&sorting=latest — retry in 2s
20:26:20 WARNING  collector.downloader: API request failed (attempt 3/3): 404 Client Error: Not Found for url: https://www.artstation.com/api/v2/artworks.json?page=1&per_page=50&sorting=latest — retry in 4s
20:26:24 ERROR    collector.sources.artstation: [artstation] fetch failed: API request failed for https://www.artstation.com/api/v2/artworks.json?page=1&per_page=50&sorting=latest: 404 Client Error: Not Found for url: https://www.artstation.com/api/v2/artworks.json?page=1&per_page=50&sorting=latest
20:26:24 INFO     collector.sources.artstation: [artstation] 0 candidates
20:26:24 WARNING  collector.collector: [artstation] No candidates discovered.
20:26:24 INFO     collector.collector: === Source: unsplash ===
20:26:31 INFO     collector.sources.unsplash: [unsplash] q='architecture' → 200 candidates
20:26:38 INFO     collector.sources.unsplash: [unsplash] q='nature forest' → 200 candidates
20:26:47 INFO     collector.sources.unsplash: [unsplash] q='space galaxy' → 200 candidates
20:26:54 INFO     collector.sources.unsplash: [unsplash] q='city rain night' → 200 candidates
20:27:01 INFO     collector.sources.unsplash: [unsplash] q='abstract dark' → 200 candidates
20:27:09 INFO     collector.sources.unsplash: [unsplash] q='mountain landscape' → 200 candidates
20:27:09 INFO     collector.collector: [unsplash] 1200 candidates → 3 workers
20:27:11 INFO     collector.collector: ✓ Saved: 001025.webp  (C, q=1.00)
20:27:11 INFO     collector.collector: ✓ Saved: 001026.webp  (C, q=1.00)
20:27:11 INFO     collector.collector: ✓ Saved: 001027.webp  (C, q=1.00)
20:27:12 INFO     collector.collector: ✓ Saved: 001028.webp  (C, q=1.00)
20:27:13 INFO     collector.collector: ✓ Saved: 001029.webp  (C, q=1.00)
20:27:13 INFO     collector.collector: ✓ Saved: 001030.webp  (C, q=0.75)
20:27:14 INFO     collector.collector: ✓ Saved: 001031.webp  (C, q=0.75)
20:27:15 INFO     collector.collector: ✓ Saved: 001032.webp  (C, q=1.00)
20:27:15 INFO     collector.collector: ✓ Saved: 001033.webp  (C, q=1.00)
20:27:16 INFO     collector.collector: ✓ Saved: 001034.webp  (C, q=0.77)
20:27:16 INFO     collector.collector: ✓ Saved: 001035.webp  (C, q=0.77)
20:27:19 INFO     collector.collector: ✓ Saved: 001036.webp  (C, q=1.00)
20:27:19 INFO     collector.collector: ✓ Saved: 001037.webp  (C, q=0.81)
20:27:19 INFO     collector.collector: ✓ Saved: 001038.webp  (C, q=1.00)
20:27:20 INFO     collector.collector: ✓ Saved: 001039.webp  (C, q=0.69)
20:27:21 INFO     collector.collector: ✓ Saved: 001040.webp  (C, q=1.00)
20:27:22 INFO     collector.collector: ✓ Saved: 001041.webp  (C, q=1.00)
20:27:22 INFO     collector.collector: ✓ Saved: 001042.webp  (C, q=1.00)
20:27:23 INFO     collector.collector: ✓ Saved: 001043.webp  (C, q=1.00)
20:27:24 INFO     collector.collector: ✓ Saved: 001044.webp  (C, q=1.00)
20:27:25 INFO     collector.collector: ✓ Saved: 001045.webp  (C, q=0.83)
20:27:26 INFO     collector.collector: ✓ Saved: 001046.webp  (C, q=1.00)
20:27:28 INFO     collector.collector: ✓ Saved: 001047.webp  (C, q=0.97)
20:27:28 INFO     collector.collector: ✓ Saved: 001048.webp  (C, q=0.97)
20:27:28 INFO     collector.collector: ✓ Saved: 001049.webp  (C, q=0.97)
20:27:30 INFO     collector.collector: ✓ Saved: 001050.webp  (C, q=1.00)
20:27:30 INFO     collector.collector: ✓ Saved: 001051.webp  (C, q=1.00)
20:27:30 INFO     collector.collector: ✓ Saved: 001052.webp  (C, q=1.00)
20:27:31 INFO     collector.collector: ✓ Saved: 001053.webp  (C, q=1.00)
20:27:32 INFO     collector.collector: ✓ Saved: 001054.webp  (C, q=1.00)
20:27:32 INFO     collector.collector: ✓ Saved: 001055.webp  (C, q=1.00)
20:27:33 INFO     collector.collector: ✓ Saved: 001056.webp  (C, q=1.00)
20:27:35 INFO     collector.collector: ✓ Saved: 001057.webp  (C, q=0.57)
20:27:35 INFO     collector.collector: ✓ Saved: 001058.webp  (C, q=1.00)
20:27:35 INFO     collector.collector: ✓ Saved: 001059.webp  (C, q=0.65)
20:27:37 INFO     collector.collector: ✓ Saved: 001060.webp  (C, q=0.48)
20:27:37 INFO     collector.collector: ✓ Saved: 001061.webp  (C, q=1.00)
20:27:37 INFO     collector.collector: ✓ Saved: 001062.webp  (C, q=0.73)
20:27:39 INFO     collector.collector: ✓ Saved: 001063.webp  (C, q=1.00)
20:27:39 INFO     collector.collector: ✓ Saved: 001064.webp  (C, q=0.51)
20:27:40 INFO     collector.collector: ✓ Saved: 001065.webp  (C, q=1.00)
20:27:41 INFO     collector.collector: ✓ Saved: 001066.webp  (C, q=1.00)
20:27:41 INFO     collector.collector: ✓ Saved: 001067.webp  (C, q=0.68)
20:27:42 INFO     collector.collector: ✓ Saved: 001068.webp  (C, q=1.00)
20:27:43 INFO     collector.collector: ✓ Saved: 001069.webp  (C, q=1.00)
20:27:44 INFO     collector.collector: ✓ Saved: 001070.webp  (C, q=1.00)
20:27:44 INFO     collector.collector: ✓ Saved: 001071.webp  (C, q=0.30)
20:27:45 INFO     collector.collector: ✓ Saved: 001072.webp  (C, q=1.00)
20:27:47 INFO     collector.collector: ✓ Saved: 001073.webp  (C, q=1.00)
20:27:47 INFO     collector.collector: ✓ Saved: 001074.webp  (C, q=0.85)
20:27:48 INFO     collector.collector: ✓ Saved: 001075.webp  (C, q=1.00)
20:27:48 INFO     collector.collector: ✓ Saved: 001076.webp  (C, q=1.00)
20:27:50 INFO     collector.collector: ✓ Saved: 001077.webp  (C, q=1.00)
20:27:50 INFO     collector.collector: ✓ Saved: 001078.webp  (C, q=1.00)
20:27:50 INFO     collector.collector: ✓ Saved: 001079.webp  (C, q=1.00)
20:27:52 INFO     collector.collector: ✓ Saved: 001080.webp  (C, q=1.00)
20:27:52 INFO     collector.collector: ✓ Saved: 001081.webp  (C, q=0.99)
20:27:53 INFO     collector.collector: ✓ Saved: 001082.webp  (C, q=1.00)
20:27:53 INFO     collector.collector: ✓ Saved: 001083.webp  (C, q=1.00)
20:27:54 INFO     collector.collector: ✓ Saved: 001084.webp  (C, q=0.60)
20:27:55 INFO     collector.collector: ✓ Saved: 001085.webp  (C, q=0.96)
20:27:55 INFO     collector.collector: ✓ Saved: 001086.webp  (C, q=0.96)
20:27:56 INFO     collector.collector: ✓ Saved: 001087.webp  (C, q=0.84)
20:27:57 INFO     collector.collector: ✓ Saved: 001088.webp  (C, q=1.00)
20:27:58 INFO     collector.collector: ✓ Saved: 001089.webp  (C, q=1.00)
20:27:59 INFO     collector.collector: ✓ Saved: 001090.webp  (C, q=0.99)
20:27:59 INFO     collector.collector: ✓ Saved: 001091.webp  (C, q=1.00)
20:28:00 INFO     collector.collector: ✓ Saved: 001092.webp  (C, q=1.00)
20:28:01 INFO     collector.collector: ✓ Saved: 001093.webp  (C, q=1.00)
20:28:01 INFO     collector.collector: ✓ Saved: 001094.webp  (C, q=0.53)
20:28:02 INFO     collector.collector: ✓ Saved: 001095.webp  (C, q=0.74)
20:28:02 INFO     collector.collector: ✓ Saved: 001096.webp  (C, q=1.00)
20:28:04 INFO     collector.collector: ✓ Saved: 001097.webp  (C, q=1.00)
20:28:04 INFO     collector.collector: ✓ Saved: 001098.webp  (C, q=1.00)
20:28:05 INFO     collector.collector: ✓ Saved: 001099.webp  (C, q=0.90)
20:28:06 INFO     collector.collector: ✓ Saved: 001100.webp  (C, q=0.48)
20:28:07 INFO     collector.collector: ✓ Saved: 001101.webp  (C, q=1.00)
20:28:07 INFO     collector.collector: ✓ Saved: 001102.webp  (C, q=1.00)
20:28:07 INFO     collector.collector: ✓ Saved: 001103.webp  (C, q=0.93)
20:28:09 INFO     collector.collector: ✓ Saved: 001104.webp  (C, q=0.84)
20:28:09 INFO     collector.collector: ✓ Saved: 001105.webp  (C, q=1.00)
20:28:10 INFO     collector.collector: ✓ Saved: 001106.webp  (C, q=1.00)
20:28:10 INFO     collector.collector: ✓ Saved: 001107.webp  (C, q=1.00)
20:28:12 INFO     collector.collector: ✓ Saved: 001108.webp  (C, q=0.74)
20:28:13 INFO     collector.collector: ✓ Saved: 001109.webp  (C, q=1.00)
20:28:13 INFO     collector.collector: ✓ Saved: 001110.webp  (C, q=1.00)
20:28:14 INFO     collector.collector: ✓ Saved: 001111.webp  (C, q=0.53)
20:28:15 INFO     collector.collector: ✓ Saved: 001112.webp  (C, q=1.00)
20:28:15 INFO     collector.collector: ✓ Saved: 001113.webp  (C, q=0.53)
20:28:18 INFO     collector.collector: ✓ Saved: 001114.webp  (C, q=0.74)
20:28:18 INFO     collector.collector: ✓ Saved: 001115.webp  (C, q=0.74)
20:28:20 INFO     collector.collector: ✓ Saved: 001116.webp  (C, q=1.00)
20:28:20 INFO     collector.collector: ✓ Saved: 001117.webp  (C, q=0.89)
20:28:20 INFO     collector.collector: ✓ Saved: 001118.webp  (C, q=1.00)
20:28:21 INFO     collector.collector: ✓ Saved: 001119.webp  (C, q=1.00)
20:28:22 INFO     collector.collector: ✓ Saved: 001120.webp  (C, q=1.00)
20:28:22 INFO     collector.collector: ✓ Saved: 001121.webp  (C, q=1.00)
20:28:24 INFO     collector.collector: ✓ Saved: 001122.webp  (C, q=1.00)
20:28:25 INFO     collector.collector: ✓ Saved: 001123.webp  (C, q=0.57)
20:28:25 INFO     collector.collector: ✓ Saved: 001124.webp  (C, q=0.57)
20:28:27 INFO     collector.collector: ✓ Saved: 001125.webp  (C, q=0.79)
20:28:28 INFO     collector.collector: ✓ Saved: 001126.webp  (C, q=0.79)
20:28:28 INFO     collector.collector: ✓ Saved: 001127.webp  (C, q=0.79)
20:28:30 INFO     collector.collector: ✓ Saved: 001128.webp  (C, q=0.94)
20:28:31 INFO     collector.collector: ✓ Saved: 001129.webp  (C, q=1.00)
20:28:31 WARNING  collector.collector: Cannot open image: /var/folders/kp/vrxg7lfn57x0wclcf4tsybv00000gn/T/portrait_frame_p__zzdaw/download.jpg — Image size (101756928 pixels) exceeds limit of 89478485 pixels, could be decompression bomb DOS attack.
20:28:31 WARNING  collector.collector: Cannot open image: /var/folders/kp/vrxg7lfn57x0wclcf4tsybv00000gn/T/portrait_frame_p__zzdaw/download.jpg — Image size (101756928 pixels) exceeds limit of 89478485 pixels, could be decompression bomb DOS attack.
20:28:33 WARNING  collector.collector: Cannot open image: /var/folders/kp/vrxg7lfn57x0wclcf4tsybv00000gn/T/portrait_frame_p__zzdaw/download.jpg — Image size (101756928 pixels) exceeds limit of 89478485 pixels, could be decompression bomb DOS attack.
20:28:33 INFO     collector.collector: ✓ Saved: 001130.webp  (C, q=0.71)
20:28:35 INFO     collector.collector: ✓ Saved: 001131.webp  (C, q=0.79)
20:28:36 INFO     collector.collector: ✓ Saved: 001132.webp  (C, q=0.90)
20:28:36 INFO     collector.collector: ✓ Saved: 001133.webp  (C, q=1.00)
20:28:38 INFO     collector.collector: ✓ Saved: 001134.webp  (C, q=1.00)
20:28:40 INFO     collector.collector: ✓ Saved: 001135.webp  (C, q=0.93)
20:28:40 INFO     collector.collector: ✓ Saved: 001136.webp  (C, q=0.93)
20:28:42 INFO     collector.collector: ✓ Saved: 001137.webp  (C, q=1.00)
20:28:42 INFO     collector.collector: ✓ Saved: 001138.webp  (C, q=1.00)
20:28:42 WARNING  collector.collector: Cannot open image: /var/folders/kp/vrxg7lfn57x0wclcf4tsybv00000gn/T/portrait_frame_p__zzdaw/download.jpg — Image size (101756928 pixels) exceeds limit of 89478485 pixels, could be decompression bomb DOS attack.
20:28:44 INFO     collector.collector: ✓ Saved: 001139.webp  (C, q=1.00)
20:28:45 INFO     collector.collector: ✓ Saved: 001140.webp  (C, q=1.00)
20:28:45 INFO     collector.collector: ✓ Saved: 001141.webp  (C, q=1.00)
20:28:46 INFO     collector.collector: ✓ Saved: 001142.webp  (C, q=1.00)
20:28:46 INFO     collector.collector: ✓ Saved: 001143.webp  (C, q=1.00)
20:28:49 INFO     collector.collector: ✓ Saved: 001144.webp  (C, q=0.77)
20:28:49 INFO     collector.collector: ✓ Saved: 001145.webp  (C, q=0.90)
20:28:50 WARNING  collector.collector: Cannot open image: /var/folders/kp/vrxg7lfn57x0wclcf4tsybv00000gn/T/portrait_frame_p__zzdaw/download.jpg — Image size (101756928 pixels) exceeds limit of 89478485 pixels, could be decompression bomb DOS attack.
20:28:52 INFO     collector.collector: ✓ Saved: 001146.webp  (C, q=1.00)
20:28:52 INFO     collector.collector: ✓ Saved: 001147.webp  (C, q=0.60)
20:28:53 INFO     collector.collector: ✓ Saved: 001148.webp  (C, q=0.89)
20:28:54 INFO     collector.collector: ✓ Saved: 001149.webp  (C, q=1.00)
20:28:55 INFO     collector.collector: ✓ Saved: 001150.webp  (C, q=1.00)
20:28:56 INFO     collector.collector: ✓ Saved: 001151.webp  (C, q=1.00)
20:28:57 INFO     collector.collector: ✓ Saved: 001152.webp  (C, q=1.00)
20:28:59 INFO     collector.collector: ✓ Saved: 001153.webp  (C, q=1.00)
20:29:01 INFO     collector.collector: ✓ Saved: 001154.webp  (C, q=1.00)
20:29:01 INFO     collector.collector: ✓ Saved: 001155.webp  (C, q=1.00)
20:29:02 INFO     collector.collector: ✓ Saved: 001156.webp  (C, q=1.00)
20:29:04 INFO     collector.collector: ✓ Saved: 001157.webp  (C, q=1.00)
20:29:04 INFO     collector.collector: ✓ Saved: 001158.webp  (C, q=0.60)
20:29:05 INFO     collector.collector: ✓ Saved: 001159.webp  (C, q=1.00)
20:29:05 INFO     collector.collector: ✓ Saved: 001160.webp  (C, q=0.63)
20:29:06 INFO     collector.collector: ✓ Saved: 001161.webp  (C, q=1.00)
20:29:07 INFO     collector.collector: ✓ Saved: 001162.webp  (C, q=1.00)
20:29:09 INFO     collector.collector: ✓ Saved: 001163.webp  (C, q=0.48)
20:29:10 INFO     collector.collector: ✓ Saved: 001164.webp  (C, q=0.52)
20:29:11 INFO     collector.collector: ✓ Saved: 001165.webp  (C, q=0.45)
20:29:13 INFO     collector.collector: ✓ Saved: 001166.webp  (C, q=1.00)
20:29:13 INFO     collector.collector: ✓ Saved: 001167.webp  (C, q=1.00)
20:29:14 INFO     collector.collector: ✓ Saved: 001168.webp  (C, q=1.00)
20:29:15 INFO     collector.collector: ✓ Saved: 001169.webp  (C, q=0.74)
20:29:16 INFO     collector.collector: ✓ Saved: 001170.webp  (C, q=1.00)
20:29:17 INFO     collector.collector: ✓ Saved: 001171.webp  (C, q=1.00)
20:29:17 INFO     collector.collector: ✓ Saved: 001172.webp  (C, q=1.00)
20:29:18 INFO     collector.collector: ✓ Saved: 001173.webp  (C, q=1.00)
20:29:19 INFO     collector.collector: ✓ Saved: 001174.webp  (C, q=1.00)
20:29:21 INFO     collector.collector: ✓ Saved: 001175.webp  (C, q=0.99)
20:29:21 INFO     collector.collector: ✓ Saved: 001176.webp  (C, q=1.00)
20:29:21 INFO     collector.collector: ✓ Saved: 001177.webp  (C, q=1.00)
20:29:23 INFO     collector.collector: ✓ Saved: 001178.webp  (C, q=1.00)
20:29:24 INFO     collector.collector: ✓ Saved: 001179.webp  (C, q=0.92)
20:29:24 INFO     collector.collector: ✓ Saved: 001180.webp  (C, q=0.92)
20:29:26 INFO     collector.collector: ✓ Saved: 001181.webp  (C, q=0.44)
20:29:26 INFO     collector.collector: ✓ Saved: 001182.webp  (C, q=0.44)
20:29:27 INFO     collector.collector: ✓ Saved: 001183.webp  (C, q=0.46)
20:29:28 INFO     collector.collector: ✓ Saved: 001184.webp  (C, q=1.00)
20:29:29 INFO     collector.collector: ✓ Saved: 001185.webp  (C, q=0.70)
20:29:30 INFO     collector.collector: ✓ Saved: 001186.webp  (C, q=0.70)
20:29:32 INFO     collector.collector: ✓ Saved: 001187.webp  (C, q=1.00)
20:29:34 INFO     collector.collector: ✓ Saved: 001188.webp  (C, q=1.00)
20:29:36 INFO     collector.collector: ✓ Saved: 001189.webp  (C, q=1.00)
20:29:37 INFO     collector.collector: ✓ Saved: 001190.webp  (C, q=1.00)
20:29:38 ERROR    collector.collector: Worker error: cannot identify image file '/var/folders/kp/vrxg7lfn57x0wclcf4tsybv00000gn/T/portrait_frame_p__zzdaw/download.jpg'
20:29:40 INFO     collector.collector: ✓ Saved: 001191.webp  (C, q=1.00)
20:29:41 INFO     collector.collector: ✓ Saved: 001192.webp  (C, q=0.97)
20:29:41 INFO     collector.collector: ✓ Saved: 001193.webp  (C, q=0.97)
20:29:41 INFO     collector.collector: ✓ Saved: 001194.webp  (C, q=1.00)
20:29:42 INFO     collector.collector: ✓ Saved: 001195.webp  (C, q=1.00)
20:29:44 INFO     collector.collector: ✓ Saved: 001196.webp  (C, q=1.00)
20:29:44 INFO     collector.collector: ✓ Saved: 001197.webp  (C, q=1.00)
20:29:46 WARNING  collector.collector: Cannot open image: /var/folders/kp/vrxg7lfn57x0wclcf4tsybv00000gn/T/portrait_frame_p__zzdaw/download.jpg — Image size (101756928 pixels) exceeds limit of 89478485 pixels, could be decompression bomb DOS attack.
20:29:48 INFO     collector.collector: ✓ Saved: 001198.webp  (C, q=1.00)
20:29:48 INFO     collector.collector: ✓ Saved: 001199.webp  (C, q=1.00)
20:29:52 INFO     collector.collector: ✓ Saved: 001200.webp  (C, q=1.00)
20:29:52 INFO     collector.collector: ✓ Saved: 001201.webp  (C, q=1.00)
20:29:53 INFO     collector.collector: ✓ Saved: 001202.webp  (C, q=1.00)
20:29:54 INFO     collector.collector: ✓ Saved: 001203.webp  (C, q=1.00)
20:29:55 INFO     collector.collector: ✓ Saved: 001204.webp  (C, q=1.00)
20:29:55 ERROR    collector.collector: Worker error: Image size (101756928 pixels) exceeds limit of 89478485 pixels, could be decompression bomb DOS attack.
20:29:58 INFO     collector.collector: ✓ Saved: 001205.webp  (C, q=1.00)
20:29:59 INFO     collector.collector: ✓ Saved: 001206.webp  (C, q=1.00)
20:30:00 INFO     collector.collector: ✓ Saved: 001207.webp  (C, q=0.66)
20:30:01 INFO     collector.collector: ✓ Saved: 001208.webp  (C, q=1.00)
20:30:02 INFO     collector.collector: ✓ Saved: 001209.webp  (C, q=1.00)
20:30:03 INFO     collector.collector: ✓ Saved: 001210.webp  (C, q=1.00)
20:30:03 WARNING  collector.collector: Cannot open image: /var/folders/kp/vrxg7lfn57x0wclcf4tsybv00000gn/T/portrait_frame_p__zzdaw/download.jpg — Image size (101756928 pixels) exceeds limit of 89478485 pixels, could be decompression bomb DOS attack.
20:30:05 INFO     collector.collector: ✓ Saved: 001211.webp  (C, q=1.00)
20:30:06 INFO     collector.collector: ✓ Saved: 001212.webp  (C, q=1.00)
20:30:06 INFO     collector.collector: ✓ Saved: 001213.webp  (C, q=1.00)
20:30:09 INFO     collector.collector: ✓ Saved: 001214.webp  (C, q=1.00)
20:30:09 INFO     collector.collector: ✓ Saved: 001215.webp  (C, q=1.00)
20:30:11 INFO     collector.collector: ✓ Saved: 001216.webp  (C, q=1.00)
20:30:11 INFO     collector.collector: ✓ Saved: 001217.webp  (C, q=1.00)
20:30:12 INFO     collector.collector: ✓ Saved: 001218.webp  (C, q=1.00)
20:30:16 INFO     collector.collector: ✓ Saved: 001219.webp  (C, q=0.54)
20:30:18 INFO     collector.collector: ✓ Saved: 001220.webp  (C, q=0.92)
20:30:18 INFO     collector.collector: ✓ Saved: 001221.webp  (C, q=0.94)
20:30:18 INFO     collector.collector: ✓ Saved: 001222.webp  (C, q=0.76)
20:30:19 INFO     collector.collector: ✓ Saved: 001223.webp  (C, q=0.93)
20:30:21 INFO     collector.collector: ✓ Saved: 001224.webp  (C, q=1.00)
20:30:25 INFO     collector.collector: ✓ Saved: 001225.webp  (C, q=0.65)
20:30:28 INFO     collector.collector: ✓ Saved: 001226.webp  (C, q=0.85)
20:30:28 INFO     collector.collector: ✓ Saved: 001227.webp  (C, q=0.85)
20:30:30 INFO     collector.collector: ✓ Saved: 001228.webp  (C, q=1.00)
20:30:31 INFO     collector.collector: ✓ Saved: 001229.webp  (C, q=1.00)
20:30:32 INFO     collector.collector: ✓ Saved: 001230.webp  (C, q=1.00)
20:30:33 INFO     collector.collector: ✓ Saved: 001231.webp  (C, q=1.00)
20:30:34 INFO     collector.collector: ✓ Saved: 001232.webp  (C, q=1.00)
20:30:34 INFO     collector.collector: ✓ Saved: 001233.webp  (C, q=0.27)
20:30:36 INFO     collector.collector: ✓ Saved: 001234.webp  (C, q=1.00)
20:30:38 INFO     collector.collector: ✓ Saved: 001235.webp  (C, q=1.00)
20:30:40 INFO     collector.collector: ✓ Saved: 001236.webp  (C, q=1.00)
20:30:41 INFO     collector.collector: ✓ Saved: 001237.webp  (C, q=1.00)
20:30:42 INFO     collector.collector: ✓ Saved: 001238.webp  (C, q=1.00)
20:30:44 INFO     collector.collector: ✓ Saved: 001239.webp  (C, q=1.00)
20:30:45 INFO     collector.collector: ✓ Saved: 001240.webp  (C, q=1.00)
20:30:45 INFO     collector.collector: ✓ Saved: 001241.webp  (C, q=1.00)
20:30:47 INFO     collector.collector: ✓ Saved: 001242.webp  (C, q=0.86)
20:30:48 INFO     collector.collector: ✓ Saved: 001243.webp  (C, q=1.00)
20:30:49 INFO     collector.collector: ✓ Saved: 001244.webp  (C, q=1.00)
20:30:51 INFO     collector.collector: ✓ Saved: 001245.webp  (C, q=1.00)
20:30:51 INFO     collector.collector: ✓ Saved: 001246.webp  (C, q=0.36)
20:30:52 WARNING  collector.collector: Cannot open image: /var/folders/kp/vrxg7lfn57x0wclcf4tsybv00000gn/T/portrait_frame_p__zzdaw/download.jpg — cannot identify image file '/var/folders/kp/vrxg7lfn57x0wclcf4tsybv00000gn/T/portrait_frame_p__zzdaw/download.jpg'
20:30:52 INFO     collector.collector: ✓ Saved: 001247.webp  (C, q=1.00)
20:30:53 INFO     collector.collector: ✓ Saved: 001248.webp  (C, q=1.00)
20:30:54 INFO     collector.collector: ✓ Saved: 001249.webp  (C, q=1.00)
20:30:56 INFO     collector.collector: ✓ Saved: 001250.webp  (C, q=1.00)
20:30:57 INFO     collector.collector: ✓ Saved: 001251.webp  (C, q=1.00)
20:30:58 INFO     collector.collector: ✓ Saved: 001252.webp  (C, q=1.00)
20:30:59 INFO     collector.collector: ✓ Saved: 001253.webp  (C, q=1.00)
20:31:04 INFO     collector.collector: ✓ Saved: 001254.webp  (C, q=1.00)
20:31:04 INFO     collector.collector: ✓ Saved: 001255.webp  (C, q=1.00)
20:31:05 INFO     collector.collector: ✓ Saved: 001256.webp  (C, q=1.00)
20:31:08 INFO     collector.collector: ✓ Saved: 001257.webp  (C, q=0.95)
20:31:08 INFO     collector.collector: ✓ Saved: 001258.webp  (C, q=0.88)
20:31:09 ERROR    collector.collector: Worker error: cannot identify image file '/var/folders/kp/vrxg7lfn57x0wclcf4tsybv00000gn/T/portrait_frame_p__zzdaw/download.jpg'
20:31:10 INFO     collector.collector: ✓ Saved: 001259.webp  (C, q=0.87)
20:31:10 INFO     collector.collector: ✓ Saved: 001260.webp  (C, q=0.87)
20:31:12 INFO     collector.collector: ✓ Saved: 001261.webp  (C, q=0.45)
20:31:13 INFO     collector.collector: ✓ Saved: 001262.webp  (C, q=0.96)
20:31:14 INFO     collector.collector: ✓ Saved: 001263.webp  (C, q=0.97)
20:31:15 INFO     collector.collector: ✓ Saved: 001264.webp  (C, q=0.89)
20:31:17 INFO     collector.collector: ✓ Saved: 001265.webp  (C, q=0.94)
20:31:17 INFO     collector.collector: ✓ Saved: 001266.webp  (C, q=1.00)
20:31:18 INFO     collector.collector: ✓ Saved: 001267.webp  (C, q=1.00)
20:31:18 INFO     collector.collector: ✓ Saved: 001268.webp  (C, q=0.72)
20:31:20 INFO     collector.collector: ✓ Saved: 001269.webp  (C, q=0.76)
20:31:22 INFO     collector.collector: ✓ Saved: 001270.webp  (C, q=1.00)
20:31:22 INFO     collector.collector: ✓ Saved: 001271.webp  (C, q=1.00)
20:31:23 INFO     collector.collector: ✓ Saved: 001272.webp  (C, q=0.33)
20:31:24 INFO     collector.collector: ✓ Saved: 001273.webp  (C, q=0.62)
20:31:25 INFO     collector.collector: ✓ Saved: 001274.webp  (C, q=1.00)
20:31:27 INFO     collector.collector: ✓ Saved: 001275.webp  (C, q=0.60)
20:31:29 INFO     collector.collector: ✓ Saved: 001276.webp  (C, q=1.00)
20:31:31 INFO     collector.collector: ✓ Saved: 001277.webp  (C, q=0.93)
20:31:31 INFO     collector.collector: ✓ Saved: 001278.webp  (C, q=0.34)
20:31:34 INFO     collector.collector: ✓ Saved: 001279.webp  (C, q=1.00)
20:31:34 INFO     collector.collector: ✓ Saved: 001280.webp  (C, q=1.00)
20:31:34 INFO     collector.collector: ✓ Saved: 001281.webp  (C, q=1.00)
20:31:36 INFO     collector.collector: ✓ Saved: 001282.webp  (C, q=1.00)
20:31:37 INFO     collector.collector: ✓ Saved: 001283.webp  (C, q=0.90)
20:31:38 INFO     collector.collector: ✓ Saved: 001284.webp  (C, q=1.00)
20:31:40 INFO     collector.collector: ✓ Saved: 001285.webp  (C, q=0.56)
20:31:40 INFO     collector.collector: ✓ Saved: 001286.webp  (C, q=0.44)
20:31:41 INFO     collector.collector: ✓ Saved: 001287.webp  (C, q=0.44)
20:31:43 INFO     collector.collector: ✓ Saved: 001288.webp  (C, q=0.89)
20:31:44 INFO     collector.collector: ✓ Saved: 001289.webp  (C, q=0.82)
20:31:44 INFO     collector.collector: ✓ Saved: 001290.webp  (C, q=0.82)
20:31:46 INFO     collector.collector: ✓ Saved: 001291.webp  (C, q=0.88)
20:31:47 INFO     collector.collector: ✓ Saved: 001292.webp  (C, q=0.88)
20:31:48 ERROR    collector.collector: Worker error: cannot identify image file '/var/folders/kp/vrxg7lfn57x0wclcf4tsybv00000gn/T/portrait_frame_p__zzdaw/download.jpg'
20:31:49 INFO     collector.collector: ✓ Saved: 001293.webp  (C, q=1.00)
20:31:49 INFO     collector.collector: ✓ Saved: 001294.webp  (C, q=0.96)
20:31:51 INFO     collector.collector: ✓ Saved: 001295.webp  (C, q=0.94)
20:31:52 INFO     collector.collector: ✓ Saved: 001296.webp  (C, q=0.62)
20:31:52 INFO     collector.collector: ✓ Saved: 001297.webp  (C, q=0.62)
20:31:54 INFO     collector.collector: ✓ Saved: 001298.webp  (C, q=0.72)
20:31:59 INFO     collector.collector: ✓ Saved: 001299.webp  (C, q=0.95)
20:31:59 INFO     collector.collector: ✓ Saved: 001300.webp  (C, q=0.95)
20:31:59 INFO     collector.collector: ✓ Saved: 001301.webp  (C, q=0.95)
20:32:00 INFO     collector.collector: ✓ Saved: 001302.webp  (C, q=1.00)
20:32:02 INFO     collector.collector: ✓ Saved: 001303.webp  (C, q=0.64)
20:32:02 INFO     collector.collector: ✓ Saved: 001304.webp  (C, q=0.64)
20:32:02 INFO     collector.collector: ✓ Saved: 001305.webp  (C, q=0.64)
20:32:05 INFO     collector.collector: ✓ Saved: 001306.webp  (C, q=1.00)
20:32:06 INFO     collector.collector: ✓ Saved: 001307.webp  (C, q=1.00)
20:32:06 INFO     collector.collector: ✓ Saved: 001308.webp  (C, q=1.00)
20:32:07 INFO     collector.collector: ✓ Saved: 001309.webp  (C, q=1.00)
20:32:08 INFO     collector.collector: ✓ Saved: 001310.webp  (C, q=1.00)
20:32:13 INFO     collector.collector: ✓ Saved: 001311.webp  (C, q=1.00)
20:32:13 INFO     collector.collector: ✓ Saved: 001312.webp  (C, q=1.00)
20:32:13 INFO     collector.collector: ✓ Saved: 001313.webp  (C, q=1.00)
20:32:14 INFO     collector.collector: ✓ Saved: 001314.webp  (C, q=0.77)
20:32:17 INFO     collector.collector: ✓ Saved: 001315.webp  (C, q=1.00)
20:32:17 INFO     collector.collector: ✓ Saved: 001316.webp  (C, q=1.00)
20:32:17 INFO     collector.collector: ✓ Saved: 001317.webp  (C, q=1.00)
20:32:19 INFO     collector.collector: ✓ Saved: 001318.webp  (C, q=0.88)
20:32:22 INFO     collector.collector: ✓ Saved: 001319.webp  (C, q=1.00)
20:32:22 INFO     collector.collector: ✓ Saved: 001320.webp  (C, q=1.00)
20:32:22 INFO     collector.collector: ✓ Saved: 001321.webp  (C, q=1.00)
20:32:24 INFO     collector.collector: ✓ Saved: 001322.webp  (C, q=0.51)
20:32:25 INFO     collector.collector: ✓ Saved: 001323.webp  (C, q=1.00)
20:32:25 INFO     collector.collector: ✓ Saved: 001324.webp  (C, q=1.00)
20:32:26 INFO     collector.collector: ✓ Saved: 001325.webp  (C, q=0.60)
20:32:27 INFO     collector.collector: ✓ Saved: 001326.webp  (C, q=1.00)
20:32:29 INFO     collector.collector: ✓ Saved: 001327.webp  (C, q=1.00)
20:32:29 INFO     collector.collector: ✓ Saved: 001328.webp  (C, q=0.57)
20:32:30 INFO     collector.collector: ✓ Saved: 001329.webp  (C, q=1.00)
20:32:31 INFO     collector.collector: ✓ Saved: 001330.webp  (C, q=1.00)
20:32:32 INFO     collector.collector: ✓ Saved: 001331.webp  (C, q=1.00)
20:32:32 INFO     collector.collector: ✓ Saved: 001332.webp  (C, q=1.00)
20:32:32 INFO     collector.collector: ✓ Saved: 001333.webp  (C, q=1.00)
20:32:34 INFO     collector.collector: ✓ Saved: 001334.webp  (C, q=1.00)
20:32:35 INFO     collector.collector: ✓ Saved: 001335.webp  (C, q=1.00)
20:32:37 INFO     collector.collector: ✓ Saved: 001336.webp  (C, q=1.00)
20:32:37 INFO     collector.collector: ✓ Saved: 001337.webp  (C, q=1.00)
20:32:38 INFO     collector.collector: ✓ Saved: 001338.webp  (C, q=0.63)
20:32:38 INFO     collector.collector: ✓ Saved: 001339.webp  (C, q=1.00)
20:32:39 INFO     collector.collector: ✓ Saved: 001340.webp  (C, q=1.00)
20:32:40 INFO     collector.collector: ✓ Saved: 001341.webp  (C, q=1.00)
20:32:40 INFO     collector.collector: ✓ Saved: 001342.webp  (C, q=1.00)
20:32:41 INFO     collector.collector: ✓ Saved: 001343.webp  (C, q=1.00)
20:32:43 INFO     collector.collector: ✓ Saved: 001344.webp  (C, q=0.64)
20:32:43 INFO     collector.collector: ✓ Saved: 001345.webp  (C, q=0.85)
20:32:45 INFO     collector.collector: ✓ Saved: 001346.webp  (C, q=1.00)
20:32:46 INFO     collector.collector: ✓ Saved: 001347.webp  (C, q=1.00)
20:32:46 INFO     collector.collector: ✓ Saved: 001348.webp  (C, q=1.00)
20:32:47 INFO     collector.collector: ✓ Saved: 001349.webp  (C, q=0.85)
20:32:48 INFO     collector.collector: ✓ Saved: 001350.webp  (C, q=0.85)
20:32:49 INFO     collector.collector: ✓ Saved: 001351.webp  (C, q=1.00)
20:32:50 INFO     collector.collector: ✓ Saved: 001352.webp  (C, q=1.00)
20:32:50 INFO     collector.collector: ✓ Saved: 001353.webp  (C, q=1.00)
20:32:51 INFO     collector.collector: ✓ Saved: 001354.webp  (C, q=0.50)
20:32:51 INFO     collector.collector: ✓ Saved: 001355.webp  (C, q=0.35)
20:32:53 INFO     collector.collector: ✓ Saved: 001356.webp  (C, q=1.00)
20:32:54 INFO     collector.collector: ✓ Saved: 001357.webp  (C, q=1.00)
20:32:54 INFO     collector.collector: ✓ Saved: 001358.webp  (C, q=1.00)
20:32:55 INFO     collector.collector: ✓ Saved: 001359.webp  (C, q=1.00)
20:32:56 INFO     collector.collector: ✓ Saved: 001360.webp  (C, q=0.76)
20:32:58 INFO     collector.collector: ✓ Saved: 001361.webp  (C, q=1.00)
20:32:58 INFO     collector.collector: ✓ Saved: 001362.webp  (C, q=1.00)
20:32:58 INFO     collector.collector: ✓ Saved: 001363.webp  (C, q=0.71)
20:32:59 INFO     collector.collector: ✓ Saved: 001364.webp  (C, q=0.64)
20:33:00 INFO     collector.collector: ✓ Saved: 001365.webp  (C, q=1.00)
20:33:01 INFO     collector.collector: ✓ Saved: 001366.webp  (C, q=1.00)
20:33:03 INFO     collector.collector: ✓ Saved: 001367.webp  (C, q=0.78)
20:33:04 INFO     collector.collector: ✓ Saved: 001368.webp  (C, q=1.00)
20:33:04 INFO     collector.collector: ✓ Saved: 001369.webp  (C, q=1.00)
20:33:05 INFO     collector.collector: ✓ Saved: 001370.webp  (C, q=1.00)
20:33:07 INFO     collector.collector: ✓ Saved: 001371.webp  (C, q=1.00)
20:33:07 INFO     collector.collector: ✓ Saved: 001372.webp  (C, q=1.00)
20:33:07 INFO     collector.collector: ✓ Saved: 001373.webp  (C, q=1.00)
20:33:08 INFO     collector.collector: ✓ Saved: 001374.webp  (C, q=1.00)
20:33:09 INFO     collector.collector: ✓ Saved: 001375.webp  (C, q=0.81)
20:33:10 INFO     collector.collector: ✓ Saved: 001376.webp  (C, q=1.00)
20:33:11 INFO     collector.collector: ✓ Saved: 001377.webp  (C, q=0.88)
20:33:12 INFO     collector.collector: ✓ Saved: 001378.webp  (C, q=0.63)
20:33:13 INFO     collector.collector: ✓ Saved: 001379.webp  (C, q=1.00)
20:33:13 INFO     collector.collector: ✓ Saved: 001380.webp  (C, q=1.00)
20:33:14 INFO     collector.collector: ✓ Saved: 001381.webp  (C, q=1.00)
20:33:15 INFO     collector.collector: ✓ Saved: 001382.webp  (C, q=1.00)
20:33:16 INFO     collector.collector: ✓ Saved: 001383.webp  (C, q=0.76)
20:33:17 INFO     collector.collector: ✓ Saved: 001384.webp  (C, q=0.76)
20:33:18 INFO     collector.collector: ✓ Saved: 001385.webp  (C, q=1.00)
20:33:18 INFO     collector.collector: ✓ Saved: 001386.webp  (C, q=0.58)
20:33:20 INFO     collector.collector: ✓ Saved: 001387.webp  (C, q=1.00)
20:33:20 INFO     collector.collector: ✓ Saved: 001388.webp  (C, q=1.00)
20:33:21 INFO     collector.collector: ✓ Saved: 001389.webp  (C, q=1.00)
20:33:22 INFO     collector.collector: ✓ Saved: 001390.webp  (C, q=1.00)
20:33:23 INFO     collector.collector: ✓ Saved: 001391.webp  (C, q=1.00)
20:33:25 INFO     collector.collector: ✓ Saved: 001392.webp  (C, q=0.27)
20:33:29 INFO     collector.collector: ✓ Saved: 001393.webp  (C, q=0.89)
20:33:30 INFO     collector.collector: ✓ Saved: 001394.webp  (C, q=0.89)
20:33:30 INFO     collector.collector: ✓ Saved: 001395.webp  (C, q=0.89)
20:33:32 WARNING  collector.collector: Cannot open image: /var/folders/kp/vrxg7lfn57x0wclcf4tsybv00000gn/T/portrait_frame_p__zzdaw/download.jpg — cannot identify image file '/var/folders/kp/vrxg7lfn57x0wclcf4tsybv00000gn/T/portrait_frame_p__zzdaw/download.jpg'
20:33:35 INFO     collector.collector: ✓ Saved: 001396.webp  (C, q=0.91)
20:33:35 INFO     collector.collector: ✓ Saved: 001397.webp  (C, q=1.00)
20:33:37 INFO     collector.collector: ✓ Saved: 001398.webp  (C, q=0.49)
20:33:37 INFO     collector.collector: ✓ Saved: 001399.webp  (C, q=0.57)
20:33:38 INFO     collector.collector: ✓ Saved: 001400.webp  (C, q=1.00)
20:33:39 INFO     collector.collector: ✓ Saved: 001401.webp  (C, q=0.74)
20:33:40 INFO     collector.collector: ✓ Saved: 001402.webp  (C, q=0.74)
20:33:42 INFO     collector.collector: ✓ Saved: 001403.webp  (C, q=0.95)
20:33:42 INFO     collector.collector: ✓ Saved: 001404.webp  (C, q=0.99)
20:33:43 INFO     collector.collector: ✓ Saved: 001405.webp  (C, q=0.95)
20:33:44 INFO     collector.collector: ✓ Saved: 001406.webp  (C, q=1.00)
20:33:44 INFO     collector.collector: ✓ Saved: 001407.webp  (C, q=0.68)
20:33:44 INFO     collector.collector: ✓ Saved: 001408.webp  (C, q=0.68)
20:33:46 INFO     collector.collector: ✓ Saved: 001409.webp  (C, q=0.59)
20:33:46 INFO     collector.collector: ✓ Saved: 001410.webp  (C, q=0.78)
20:33:46 INFO     collector.collector: ✓ Saved: 001411.webp  (C, q=0.78)
20:33:47 INFO     collector.collector: ✓ Saved: 001412.webp  (C, q=0.61)
20:33:50 INFO     collector.collector: ✓ Saved: 001413.webp  (C, q=0.58)
20:33:50 INFO     collector.collector: ✓ Saved: 001414.webp  (C, q=0.58)
20:33:51 INFO     collector.collector: ✓ Saved: 001415.webp  (C, q=0.58)
20:33:52 INFO     collector.collector: ✓ Saved: 001416.webp  (C, q=0.67)
20:33:53 INFO     collector.collector: ✓ Saved: 001417.webp  (C, q=0.64)
20:33:53 INFO     collector.collector: ✓ Saved: 001418.webp  (C, q=0.64)
20:33:54 INFO     collector.collector: ✓ Saved: 001419.webp  (C, q=1.00)
20:33:57 INFO     collector.collector: ✓ Saved: 001420.webp  (C, q=1.00)
20:33:59 INFO     collector.collector: ✓ Saved: 001421.webp  (C, q=0.82)
20:34:00 INFO     collector.collector: ✓ Saved: 001422.webp  (C, q=0.80)
20:34:00 INFO     collector.collector: ✓ Saved: 001423.webp  (C, q=0.80)
20:34:01 INFO     collector.collector: ✓ Saved: 001424.webp  (C, q=0.49)
20:34:02 INFO     collector.collector: ✓ Saved: 001425.webp  (C, q=0.93)
20:34:03 INFO     collector.collector: ✓ Saved: 001426.webp  (C, q=1.00)
20:34:04 INFO     collector.collector: ✓ Saved: 001427.webp  (C, q=1.00)
20:34:05 INFO     collector.collector: ✓ Saved: 001428.webp  (C, q=0.66)
20:34:06 INFO     collector.collector: ✓ Saved: 001429.webp  (C, q=1.00)
20:34:08 INFO     collector.collector: ✓ Saved: 001430.webp  (C, q=0.77)
20:34:11 INFO     collector.collector: ✓ Saved: 001431.webp  (C, q=1.00)
20:34:12 INFO     collector.collector: ✓ Saved: 001432.webp  (C, q=1.00)
20:34:12 INFO     collector.collector: ✓ Saved: 001433.webp  (C, q=0.84)
20:34:13 INFO     collector.collector: ✓ Saved: 001434.webp  (C, q=0.70)
20:34:14 INFO     collector.collector: ✓ Saved: 001435.webp  (C, q=0.58)
20:34:15 INFO     collector.collector: ✓ Saved: 001436.webp  (C, q=0.86)
20:34:16 INFO     collector.collector: ✓ Saved: 001437.webp  (C, q=0.43)
20:34:18 INFO     collector.collector: ✓ Saved: 001438.webp  (C, q=0.75)
20:34:19 INFO     collector.collector: ✓ Saved: 001439.webp  (C, q=0.49)
20:34:20 INFO     collector.collector: ✓ Saved: 001440.webp  (C, q=0.69)
20:34:21 INFO     collector.collector: ✓ Saved: 001441.webp  (C, q=0.43)
20:34:22 INFO     collector.collector: ✓ Saved: 001442.webp  (C, q=1.00)
20:34:27 INFO     collector.collector: ✓ Saved: 001443.webp  (C, q=0.99)
20:34:36 INFO     collector.collector: ✓ Saved: 001444.webp  (C, q=0.36)
20:34:38 WARNING  collector.collector: Cannot open image: /var/folders/kp/vrxg7lfn57x0wclcf4tsybv00000gn/T/portrait_frame_p__zzdaw/download.jpg — cannot identify image file '/var/folders/kp/vrxg7lfn57x0wclcf4tsybv00000gn/T/portrait_frame_p__zzdaw/download.jpg'
20:34:39 INFO     collector.collector: ✓ Saved: 001445.webp  (C, q=0.93)
20:34:40 INFO     collector.collector: ✓ Saved: 001446.webp  (C, q=0.93)
20:34:41 INFO     collector.collector: ✓ Saved: 001447.webp  (C, q=0.89)
20:34:42 INFO     collector.collector: ✓ Saved: 001448.webp  (C, q=1.00)
20:34:43 INFO     collector.collector: ✓ Saved: 001449.webp  (C, q=0.39)
20:34:44 INFO     collector.collector: ✓ Saved: 001450.webp  (C, q=0.42)
20:34:45 INFO     collector.collector: ✓ Saved: 001451.webp  (C, q=1.00)
20:34:47 INFO     collector.collector: ✓ Saved: 001452.webp  (C, q=1.00)
20:34:47 INFO     collector.collector: ✓ Saved: 001453.webp  (C, q=1.00)
20:34:48 INFO     collector.collector: ✓ Saved: 001454.webp  (C, q=1.00)
20:34:50 INFO     collector.collector: ✓ Saved: 001455.webp  (C, q=0.81)
20:34:50 INFO     collector.collector: ✓ Saved: 001456.webp  (C, q=0.45)
20:34:51 INFO     collector.collector: ✓ Saved: 001457.webp  (C, q=1.00)
20:34:52 INFO     collector.collector: ✓ Saved: 001458.webp  (C, q=0.45)
20:34:52 INFO     collector.collector: ✓ Saved: 001459.webp  (C, q=0.45)
20:34:54 INFO     collector.collector: ✓ Saved: 001460.webp  (C, q=0.84)
20:34:55 INFO     collector.collector: ✓ Saved: 001461.webp  (C, q=0.79)
20:34:56 INFO     collector.collector: ✓ Saved: 001462.webp  (C, q=1.00)
20:34:57 INFO     collector.collector: ✓ Saved: 001463.webp  (C, q=1.00)
20:34:59 INFO     collector.collector: ✓ Saved: 001464.webp  (C, q=0.49)
20:34:59 INFO     collector.collector: ✓ Saved: 001465.webp  (C, q=0.68)
20:35:00 INFO     collector.collector: ✓ Saved: 001466.webp  (C, q=0.42)
20:35:02 INFO     collector.collector: ✓ Saved: 001467.webp  (C, q=0.64)
20:35:03 INFO     collector.collector: ✓ Saved: 001468.webp  (C, q=0.81)
20:35:03 INFO     collector.collector: ✓ Saved: 001469.webp  (C, q=0.81)
20:35:03 INFO     collector.collector: ✓ Saved: 001470.webp  (C, q=1.00)
20:35:05 INFO     collector.collector: ✓ Saved: 001471.webp  (C, q=1.00)
20:35:05 INFO     collector.collector: ✓ Saved: 001472.webp  (C, q=0.68)
20:35:07 INFO     collector.collector: ✓ Saved: 001473.webp  (C, q=0.95)
20:35:07 INFO     collector.collector: ✓ Saved: 001474.webp  (C, q=0.95)
20:35:09 INFO     collector.collector: ✓ Saved: 001475.webp  (C, q=0.94)
20:35:10 INFO     collector.collector: ✓ Saved: 001476.webp  (C, q=1.00)
20:35:11 INFO     collector.collector: ✓ Saved: 001477.webp  (C, q=1.00)
20:35:12 INFO     collector.collector: ✓ Saved: 001478.webp  (C, q=0.51)
20:35:13 INFO     collector.collector: ✓ Saved: 001479.webp  (C, q=1.00)
20:35:14 INFO     collector.collector: ✓ Saved: 001480.webp  (C, q=1.00)
20:35:14 INFO     collector.collector: ✓ Saved: 001481.webp  (C, q=1.00)
20:35:15 INFO     collector.collector: ✓ Saved: 001482.webp  (C, q=1.00)
20:35:16 INFO     collector.collector: ✓ Saved: 001483.webp  (C, q=1.00)
20:35:16 INFO     collector.collector: ✓ Saved: 001484.webp  (C, q=1.00)
20:35:18 INFO     collector.collector: ✓ Saved: 001485.webp  (C, q=1.00)
20:35:19 INFO     collector.collector: ✓ Saved: 001486.webp  (C, q=1.00)
20:35:19 INFO     collector.collector: ✓ Saved: 001487.webp  (C, q=1.00)
20:35:21 INFO     collector.collector: ✓ Saved: 001488.webp  (C, q=1.00)
20:35:23 INFO     collector.collector: ✓ Saved: 001489.webp  (C, q=1.00)
20:35:24 INFO     collector.collector: ✓ Saved: 001490.webp  (C, q=1.00)
20:35:25 INFO     collector.collector: ✓ Saved: 001491.webp  (C, q=1.00)
20:35:26 ERROR    collector.collector: Worker error: cannot identify image file '/var/folders/kp/vrxg7lfn57x0wclcf4tsybv00000gn/T/portrait_frame_p__zzdaw/download.jpg'
20:35:27 INFO     collector.collector: ✓ Saved: 001492.webp  (C, q=1.00)
20:35:28 INFO     collector.collector: ✓ Saved: 001493.webp  (C, q=0.73)
20:35:29 INFO     collector.collector: ✓ Saved: 001494.webp  (C, q=0.73)
20:35:29 INFO     collector.collector: ✓ Saved: 001495.webp  (C, q=1.00)
20:35:31 INFO     collector.collector: ✓ Saved: 001496.webp  (C, q=0.75)
20:35:31 INFO     collector.collector: ✓ Saved: 001497.webp  (C, q=0.66)
20:35:31 INFO     collector.collector: ✓ Saved: 001498.webp  (C, q=0.66)
20:35:33 INFO     collector.collector: ✓ Saved: 001499.webp  (C, q=0.49)
20:35:33 INFO     collector.collector: ✓ Saved: 001500.webp  (C, q=1.00)
20:35:33 INFO     collector.collector: ✓ Saved: 001501.webp  (C, q=1.00)
20:35:34 INFO     collector.collector: ✓ Saved: 001502.webp  (C, q=0.48)
20:35:36 INFO     collector.collector: ✓ Saved: 001503.webp  (C, q=1.00)
20:35:36 INFO     collector.collector: ✓ Saved: 001504.webp  (C, q=1.00)
20:35:37 INFO     collector.collector: ✓ Saved: 001505.webp  (C, q=1.00)
20:35:39 INFO     collector.collector: ✓ Saved: 001506.webp  (C, q=1.00)
20:35:40 INFO     collector.collector: ✓ Saved: 001507.webp  (C, q=0.83)
20:35:40 INFO     collector.collector: ✓ Saved: 001508.webp  (C, q=0.83)
20:35:42 INFO     collector.collector: ✓ Saved: 001509.webp  (C, q=1.00)
20:35:42 INFO     collector.collector: ✓ Saved: 001510.webp  (C, q=1.00)
20:35:43 INFO     collector.collector: ✓ Saved: 001511.webp  (C, q=1.00)
20:35:44 INFO     collector.collector: ✓ Saved: 001512.webp  (C, q=1.00)
20:35:45 INFO     collector.collector: ✓ Saved: 001513.webp  (C, q=1.00)
20:35:45 INFO     collector.collector: ✓ Saved: 001514.webp  (C, q=1.00)
20:35:46 INFO     collector.collector: ✓ Saved: 001515.webp  (C, q=1.00)
20:35:47 INFO     collector.collector: ✓ Saved: 001516.webp  (C, q=0.74)
20:35:47 INFO     collector.collector: ✓ Saved: 001517.webp  (C, q=1.00)
20:35:49 INFO     collector.collector: ✓ Saved: 001518.webp  (C, q=1.00)
20:35:50 INFO     collector.collector: ✓ Saved: 001519.webp  (C, q=1.00)
20:35:52 INFO     collector.collector: ✓ Saved: 001520.webp  (C, q=1.00)
20:35:53 INFO     collector.collector: ✓ Saved: 001521.webp  (C, q=1.00)
20:35:54 INFO     collector.collector: ✓ Saved: 001522.webp  (C, q=1.00)
20:35:56 INFO     collector.collector: ✓ Saved: 001523.webp  (C, q=1.00)
20:35:56 INFO     collector.collector: ✓ Saved: 001524.webp  (C, q=0.84)
20:35:57 INFO     collector.collector: ✓ Saved: 001525.webp  (C, q=1.00)
20:35:59 INFO     collector.collector: ✓ Saved: 001526.webp  (C, q=1.00)
20:35:59 INFO     collector.collector: ✓ Saved: 001527.webp  (C, q=1.00)
20:35:59 INFO     collector.collector: ✓ Saved: 001528.webp  (C, q=1.00)
20:36:00 INFO     collector.collector: ✓ Saved: 001529.webp  (C, q=0.76)
20:36:01 INFO     collector.collector: ✓ Saved: 001530.webp  (C, q=0.66)
20:36:02 INFO     collector.collector: ✓ Saved: 001531.webp  (C, q=0.54)
20:36:03 INFO     collector.collector: ✓ Saved: 001532.webp  (C, q=1.00)
20:36:04 INFO     collector.collector: ✓ Saved: 001533.webp  (C, q=1.00)
20:36:05 INFO     collector.collector: ✓ Saved: 001534.webp  (C, q=1.00)
20:36:06 INFO     collector.collector: ✓ Saved: 001535.webp  (C, q=1.00)
20:36:07 INFO     collector.collector: ✓ Saved: 001536.webp  (C, q=0.49)
20:36:07 INFO     collector.collector: ✓ Saved: 001537.webp  (C, q=0.51)
20:36:10 INFO     collector.collector: ✓ Saved: 001538.webp  (C, q=1.00)
20:36:10 INFO     collector.collector: ✓ Saved: 001539.webp  (C, q=1.00)
20:36:12 INFO     collector.collector: ✓ Saved: 001540.webp  (C, q=1.00)
20:36:14 INFO     collector.collector: ✓ Saved: 001541.webp  (C, q=0.54)
20:36:15 INFO     collector.collector: ✓ Saved: 001542.webp  (C, q=0.88)
20:36:15 INFO     collector.collector: ✓ Saved: 001543.webp  (C, q=1.00)
20:36:16 INFO     collector.collector: ✓ Saved: 001544.webp  (C, q=0.99)
20:36:18 INFO     collector.collector: ✓ Saved: 001545.webp  (C, q=1.00)
20:36:19 INFO     collector.collector: ✓ Saved: 001546.webp  (C, q=1.00)
20:36:19 INFO     collector.collector: ✓ Saved: 001547.webp  (C, q=1.00)
20:36:20 INFO     collector.collector: ✓ Saved: 001548.webp  (C, q=1.00)
20:36:21 INFO     collector.collector: ✓ Saved: 001549.webp  (C, q=0.63)
20:36:22 INFO     collector.collector: ✓ Saved: 001550.webp  (C, q=0.48)
20:36:22 INFO     collector.collector: ✓ Saved: 001551.webp  (C, q=1.00)
20:36:23 INFO     collector.collector: ✓ Saved: 001552.webp  (C, q=1.00)
20:36:24 INFO     collector.collector: ✓ Saved: 001553.webp  (C, q=1.00)
20:36:25 INFO     collector.collector: ✓ Saved: 001554.webp  (C, q=0.68)
20:36:25 INFO     collector.collector: ✓ Saved: 001555.webp  (C, q=0.68)
20:36:26 INFO     collector.collector: ✓ Saved: 001556.webp  (C, q=0.60)
20:36:29 INFO     collector.collector: ✓ Saved: 001557.webp  (C, q=1.00)
20:36:29 INFO     collector.collector: [unsplash] Done — accepted=533, skipped=565, rejected=102
20:36:29 INFO     collector.collector: === Source: pexels ===
20:36:33 INFO     collector.sources.pexels: [pexels] q='portrait architecture' → 200 candidates
20:36:35 INFO     collector.sources.pexels: [pexels] q='dark forest' → 200 candidates
20:36:39 INFO     collector.sources.pexels: [pexels] q='night city' → 200 candidates
20:36:42 INFO     collector.sources.pexels: [pexels] q='space nebula' → 200 candidates
20:36:45 INFO     collector.sources.pexels: [pexels] q='abstract' → 200 candidates
20:36:45 INFO     collector.collector: [pexels] 986 candidates → 3 workers
20:36:46 INFO     collector.collector: ✓ Saved: 001558.webp  (C, q=0.60)
20:36:46 INFO     collector.collector: ✓ Saved: 001559.webp  (C, q=0.64)
20:36:47 INFO     collector.collector: ✓ Saved: 001560.webp  (C, q=0.65)
20:36:47 INFO     collector.collector: ✓ Saved: 001561.webp  (C, q=0.87)
20:36:48 INFO     collector.collector: ✓ Saved: 001562.webp  (C, q=0.45)
20:36:49 INFO     collector.collector: ✓ Saved: 001563.webp  (C, q=1.00)
20:36:49 INFO     collector.collector: ✓ Saved: 001564.webp  (C, q=0.68)
20:36:50 INFO     collector.collector: ✓ Saved: 001565.webp  (C, q=0.37)
20:36:51 INFO     collector.collector: ✓ Saved: 001566.webp  (C, q=0.97)
20:36:52 INFO     collector.collector: ✓ Saved: 001567.webp  (C, q=1.00)
20:36:52 INFO     collector.collector: ✓ Saved: 001568.webp  (C, q=1.00)
20:36:54 INFO     collector.collector: ✓ Saved: 001569.webp  (C, q=1.00)
20:36:54 INFO     collector.collector: ✓ Saved: 001570.webp  (C, q=1.00)
20:36:55 INFO     collector.collector: ✓ Saved: 001571.webp  (C, q=1.00)
20:36:56 INFO     collector.collector: ✓ Saved: 001572.webp  (C, q=1.00)
20:36:56 INFO     collector.collector: ✓ Saved: 001573.webp  (C, q=1.00)
20:36:58 INFO     collector.collector: ✓ Saved: 001574.webp  (C, q=1.00)
20:36:58 INFO     collector.collector: ✓ Saved: 001575.webp  (C, q=1.00)
20:36:58 INFO     collector.collector: ✓ Saved: 001576.webp  (C, q=1.00)
20:36:59 INFO     collector.collector: ✓ Saved: 001577.webp  (C, q=1.00)
20:37:00 INFO     collector.collector: ✓ Saved: 001578.webp  (C, q=1.00)
20:37:00 INFO     collector.collector: ✓ Saved: 001579.webp  (C, q=0.66)
20:37:01 INFO     collector.collector: ✓ Saved: 001580.webp  (C, q=1.00)
20:37:02 INFO     collector.collector: ✓ Saved: 001581.webp  (C, q=1.00)
20:37:02 INFO     collector.collector: ✓ Saved: 001582.webp  (C, q=1.00)
20:37:03 INFO     collector.collector: ✓ Saved: 001583.webp  (C, q=0.47)
20:37:04 INFO     collector.collector: ✓ Saved: 001584.webp  (C, q=1.00)
20:37:04 INFO     collector.collector: ✓ Saved: 001585.webp  (C, q=1.00)
20:37:06 INFO     collector.collector: ✓ Saved: 001586.webp  (C, q=1.00)
20:37:07 INFO     collector.collector: ✓ Saved: 001587.webp  (C, q=1.00)
20:37:07 INFO     collector.collector: ✓ Saved: 001588.webp  (C, q=1.00)
20:37:09 INFO     collector.collector: ✓ Saved: 001589.webp  (C, q=1.00)
20:37:09 INFO     collector.collector: ✓ Saved: 001590.webp  (C, q=0.92)
20:37:11 INFO     collector.collector: ✓ Saved: 001591.webp  (C, q=1.00)
20:37:11 INFO     collector.collector: ✓ Saved: 001592.webp  (C, q=1.00)
20:37:13 INFO     collector.collector: ✓ Saved: 001593.webp  (C, q=1.00)
20:37:15 INFO     collector.collector: ✓ Saved: 001594.webp  (C, q=1.00)
20:37:16 INFO     collector.collector: ✓ Saved: 001595.webp  (C, q=1.00)
20:37:17 INFO     collector.collector: ✓ Saved: 001596.webp  (C, q=1.00)
20:37:17 INFO     collector.collector: ✓ Saved: 001597.webp  (C, q=0.65)
20:37:17 INFO     collector.collector: ✓ Saved: 001598.webp  (C, q=0.91)
20:37:18 INFO     collector.collector: ✓ Saved: 001599.webp  (C, q=1.00)
20:37:19 INFO     collector.collector: ✓ Saved: 001600.webp  (C, q=1.00)
20:37:20 INFO     collector.collector: ✓ Saved: 001601.webp  (C, q=1.00)
20:37:21 INFO     collector.collector: ✓ Saved: 001602.webp  (C, q=1.00)
20:37:21 INFO     collector.collector: ✓ Saved: 001603.webp  (C, q=0.71)
20:37:22 INFO     collector.collector: ✓ Saved: 001604.webp  (C, q=1.00)
20:37:22 INFO     collector.collector: ✓ Saved: 001605.webp  (C, q=1.00)
20:37:24 INFO     collector.collector: ✓ Saved: 001606.webp  (C, q=0.64)
20:37:25 INFO     collector.collector: ✓ Saved: 001607.webp  (C, q=0.79)
20:37:25 INFO     collector.collector: ✓ Saved: 001608.webp  (C, q=1.00)
20:37:26 INFO     collector.collector: ✓ Saved: 001609.webp  (C, q=1.00)
20:37:26 INFO     collector.collector: ✓ Saved: 001610.webp  (C, q=1.00)
20:37:29 INFO     collector.collector: ✓ Saved: 001611.webp  (C, q=1.00)
20:37:29 INFO     collector.collector: ✓ Saved: 001612.webp  (C, q=1.00)
20:37:29 INFO     collector.collector: ✓ Saved: 001613.webp  (C, q=1.00)
20:37:30 INFO     collector.collector: ✓ Saved: 001614.webp  (C, q=0.63)
20:37:31 INFO     collector.collector: ✓ Saved: 001615.webp  (C, q=1.00)
20:37:32 INFO     collector.collector: ✓ Saved: 001616.webp  (C, q=1.00)
20:37:32 INFO     collector.collector: ✓ Saved: 001617.webp  (C, q=0.97)
20:37:33 WARNING  collector.collector: Cannot open image: /var/folders/kp/vrxg7lfn57x0wclcf4tsybv00000gn/T/portrait_frame_ir9uh1mz/download.jpeg — cannot identify image file '/var/folders/kp/vrxg7lfn57x0wclcf4tsybv00000gn/T/portrait_frame_ir9uh1mz/download.jpeg'
20:37:34 INFO     collector.collector: ✓ Saved: 001618.webp  (C, q=0.48)
20:37:34 INFO     collector.collector: ✓ Saved: 001619.webp  (C, q=0.69)
20:37:35 INFO     collector.collector: ✓ Saved: 001620.webp  (C, q=0.69)
20:37:36 INFO     collector.collector: ✓ Saved: 001621.webp  (C, q=1.00)
20:37:36 INFO     collector.collector: ✓ Saved: 001622.webp  (C, q=0.54)
20:37:37 INFO     collector.collector: ✓ Saved: 001623.webp  (C, q=1.00)
20:37:37 INFO     collector.collector: ✓ Saved: 001624.webp  (C, q=1.00)
20:37:38 INFO     collector.collector: ✓ Saved: 001625.webp  (C, q=1.00)
20:37:39 INFO     collector.collector: ✓ Saved: 001626.webp  (C, q=1.00)
20:37:40 INFO     collector.collector: ✓ Saved: 001627.webp  (C, q=1.00)
20:37:41 INFO     collector.collector: ✓ Saved: 001628.webp  (C, q=1.00)
20:37:43 INFO     collector.collector: ✓ Saved: 001629.webp  (C, q=1.00)
20:37:44 INFO     collector.collector: ✓ Saved: 001630.webp  (C, q=0.99)
20:37:45 INFO     collector.collector: ✓ Saved: 001631.webp  (C, q=1.00)
20:37:46 INFO     collector.collector: ✓ Saved: 001632.webp  (C, q=0.88)
20:37:50 INFO     collector.collector: ✓ Saved: 001633.webp  (C, q=1.00)
20:37:51 INFO     collector.collector: ✓ Saved: 001634.webp  (C, q=1.00)
20:37:52 INFO     collector.collector: ✓ Saved: 001635.webp  (C, q=0.94)
20:37:52 INFO     collector.collector: ✓ Saved: 001636.webp  (C, q=1.00)
20:37:52 INFO     collector.collector: ✓ Saved: 001637.webp  (C, q=1.00)
20:37:54 INFO     collector.collector: ✓ Saved: 001638.webp  (C, q=0.72)
20:37:55 INFO     collector.collector: ✓ Saved: 001639.webp  (C, q=1.00)
20:37:55 INFO     collector.collector: ✓ Saved: 001640.webp  (C, q=1.00)
20:37:56 INFO     collector.collector: ✓ Saved: 001641.webp  (C, q=1.00)
20:37:56 INFO     collector.collector: ✓ Saved: 001642.webp  (C, q=0.53)
20:37:56 INFO     collector.collector: ✓ Saved: 001643.webp  (C, q=0.52)
20:37:58 INFO     collector.collector: ✓ Saved: 001644.webp  (C, q=1.00)
20:37:58 INFO     collector.collector: ✓ Saved: 001645.webp  (C, q=1.00)
20:37:59 INFO     collector.collector: ✓ Saved: 001646.webp  (C, q=1.00)
20:38:00 INFO     collector.collector: ✓ Saved: 001647.webp  (C, q=1.00)
20:38:01 INFO     collector.collector: ✓ Saved: 001648.webp  (C, q=1.00)
20:38:01 INFO     collector.collector: ✓ Saved: 001649.webp  (C, q=0.98)
20:38:02 INFO     collector.collector: ✓ Saved: 001650.webp  (C, q=0.98)
20:38:03 INFO     collector.collector: ✓ Saved: 001651.webp  (C, q=1.00)
20:38:04 INFO     collector.collector: ✓ Saved: 001652.webp  (C, q=1.00)
20:38:04 INFO     collector.collector: ✓ Saved: 001653.webp  (C, q=0.54)
20:38:04 INFO     collector.collector: ✓ Saved: 001654.webp  (C, q=1.00)
20:38:08 WARNING  collector.collector: Cannot open image: /var/folders/kp/vrxg7lfn57x0wclcf4tsybv00000gn/T/portrait_frame_ir9uh1mz/download.jpeg — Image size (96000000 pixels) exceeds limit of 89478485 pixels, could be decompression bomb DOS attack.
20:38:11 INFO     collector.collector: ✓ Saved: 001655.webp  (C, q=1.00)
20:38:11 INFO     collector.collector: ✓ Saved: 001656.webp  (C, q=0.61)
20:38:12 INFO     collector.collector: ✓ Saved: 001657.webp  (C, q=1.00)
20:38:14 INFO     collector.collector: ✓ Saved: 001658.webp  (C, q=1.00)
20:38:14 INFO     collector.collector: ✓ Saved: 001659.webp  (C, q=1.00)
20:38:15 INFO     collector.collector: ✓ Saved: 001660.webp  (C, q=1.00)
20:38:15 INFO     collector.collector: ✓ Saved: 001661.webp  (C, q=0.31)
20:38:16 INFO     collector.collector: ✓ Saved: 001662.webp  (C, q=1.00)
20:38:17 INFO     collector.collector: ✓ Saved: 001663.webp  (C, q=1.00)
20:38:17 INFO     collector.collector: ✓ Saved: 001664.webp  (C, q=1.00)
20:38:17 INFO     collector.collector: ✓ Saved: 001665.webp  (C, q=1.00)
20:38:18 INFO     collector.collector: ✓ Saved: 001666.webp  (C, q=1.00)
20:38:20 INFO     collector.collector: ✓ Saved: 001667.webp  (C, q=1.00)
20:38:20 INFO     collector.collector: ✓ Saved: 001668.webp  (C, q=0.97)
20:38:20 INFO     collector.collector: ✓ Saved: 001669.webp  (C, q=0.97)
20:38:22 INFO     collector.collector: ✓ Saved: 001670.webp  (C, q=1.00)
20:38:22 INFO     collector.collector: ✓ Saved: 001671.webp  (C, q=1.00)
20:38:23 INFO     collector.collector: ✓ Saved: 001672.webp  (C, q=1.00)
20:38:23 INFO     collector.collector: ✓ Saved: 001673.webp  (C, q=1.00)
20:38:24 INFO     collector.collector: ✓ Saved: 001674.webp  (C, q=1.00)
20:38:25 INFO     collector.collector: ✓ Saved: 001675.webp  (C, q=0.84)
20:38:26 INFO     collector.collector: ✓ Saved: 001676.webp  (C, q=1.00)
20:38:27 INFO     collector.collector: ✓ Saved: 001677.webp  (C, q=1.00)
20:38:27 INFO     collector.collector: ✓ Saved: 001678.webp  (C, q=1.00)
20:38:28 INFO     collector.collector: ✓ Saved: 001679.webp  (C, q=1.00)
20:38:29 INFO     collector.collector: ✓ Saved: 001680.webp  (C, q=1.00)
20:38:30 INFO     collector.collector: ✓ Saved: 001681.webp  (C, q=0.99)
20:38:31 INFO     collector.collector: ✓ Saved: 001682.webp  (C, q=1.00)
20:38:32 INFO     collector.collector: ✓ Saved: 001683.webp  (C, q=0.47)
20:38:32 INFO     collector.collector: ✓ Saved: 001684.webp  (C, q=1.00)
20:38:33 INFO     collector.collector: ✓ Saved: 001685.webp  (C, q=1.00)
20:38:34 INFO     collector.collector: ✓ Saved: 001686.webp  (C, q=1.00)
20:38:34 INFO     collector.collector: ✓ Saved: 001687.webp  (C, q=1.00)
20:38:36 INFO     collector.collector: ✓ Saved: 001688.webp  (C, q=1.00)
20:38:36 INFO     collector.collector: ✓ Saved: 001689.webp  (C, q=1.00)
20:38:36 INFO     collector.collector: ✓ Saved: 001690.webp  (C, q=1.00)
20:38:37 ERROR    collector.collector: Worker error: cannot identify image file '/var/folders/kp/vrxg7lfn57x0wclcf4tsybv00000gn/T/portrait_frame_ir9uh1mz/download.jpeg'
20:38:39 INFO     collector.collector: ✓ Saved: 001691.webp  (C, q=1.00)
20:38:39 INFO     collector.collector: ✓ Saved: 001692.webp  (C, q=1.00)
20:38:40 INFO     collector.collector: ✓ Saved: 001693.webp  (C, q=1.00)
20:38:42 INFO     collector.collector: ✓ Saved: 001694.webp  (C, q=1.00)
20:38:43 INFO     collector.collector: ✓ Saved: 001695.webp  (C, q=0.53)
20:38:43 WARNING  collector.collector: Cannot open image: /var/folders/kp/vrxg7lfn57x0wclcf4tsybv00000gn/T/portrait_frame_ir9uh1mz/download.jpeg — cannot identify image file '/var/folders/kp/vrxg7lfn57x0wclcf4tsybv00000gn/T/portrait_frame_ir9uh1mz/download.jpeg'
20:38:44 INFO     collector.collector: ✓ Saved: 001696.webp  (C, q=1.00)
20:38:45 INFO     collector.collector: ✓ Saved: 001697.webp  (C, q=0.75)
20:38:46 INFO     collector.collector: ✓ Saved: 001698.webp  (C, q=1.00)
20:38:49 INFO     collector.collector: ✓ Saved: 001699.webp  (C, q=1.00)
20:38:51 INFO     collector.collector: ✓ Saved: 001700.webp  (C, q=1.00)
20:38:51 INFO     collector.collector: ✓ Saved: 001701.webp  (C, q=0.95)
20:38:52 INFO     collector.collector: ✓ Saved: 001702.webp  (C, q=1.00)
20:38:54 INFO     collector.collector: ✓ Saved: 001703.webp  (C, q=1.00)
20:38:56 INFO     collector.collector: ✓ Saved: 001704.webp  (C, q=0.44)
20:38:57 INFO     collector.collector: ✓ Saved: 001705.webp  (C, q=0.95)
20:38:58 INFO     collector.collector: ✓ Saved: 001706.webp  (C, q=1.00)
20:38:59 INFO     collector.collector: ✓ Saved: 001707.webp  (C, q=0.90)
20:39:02 INFO     collector.collector: ✓ Saved: 001708.webp  (C, q=1.00)
20:39:05 INFO     collector.collector: ✓ Saved: 001709.webp  (C, q=1.00)
20:39:06 INFO     collector.collector: ✓ Saved: 001710.webp  (C, q=0.86)
20:39:07 INFO     collector.collector: ✓ Saved: 001711.webp  (C, q=1.00)
20:39:08 INFO     collector.collector: ✓ Saved: 001712.webp  (C, q=0.82)
20:39:09 INFO     collector.collector: ✓ Saved: 001713.webp  (C, q=1.00)
20:39:10 INFO     collector.collector: ✓ Saved: 001714.webp  (C, q=1.00)
20:39:10 INFO     collector.collector: ✓ Saved: 001715.webp  (C, q=1.00)
20:39:11 INFO     collector.collector: ✓ Saved: 001716.webp  (C, q=1.00)
20:39:12 INFO     collector.collector: ✓ Saved: 001717.webp  (C, q=0.57)
20:39:13 INFO     collector.collector: ✓ Saved: 001718.webp  (C, q=1.00)
20:39:13 INFO     collector.collector: ✓ Saved: 001719.webp  (C, q=1.00)
20:39:15 INFO     collector.collector: ✓ Saved: 001720.webp  (C, q=1.00)
20:39:16 INFO     collector.collector: ✓ Saved: 001721.webp  (C, q=1.00)
20:39:17 INFO     collector.collector: ✓ Saved: 001722.webp  (C, q=1.00)
20:39:18 INFO     collector.collector: ✓ Saved: 001723.webp  (C, q=1.00)
20:39:19 INFO     collector.collector: ✓ Saved: 001724.webp  (C, q=1.00)
20:39:20 INFO     collector.collector: ✓ Saved: 001725.webp  (C, q=1.00)
20:39:22 INFO     collector.collector: ✓ Saved: 001726.webp  (C, q=1.00)
20:39:24 INFO     collector.collector: ✓ Saved: 001727.webp  (C, q=1.00)
20:39:25 INFO     collector.collector: ✓ Saved: 001728.webp  (C, q=1.00)
20:39:26 INFO     collector.collector: ✓ Saved: 001729.webp  (C, q=1.00)
20:39:27 INFO     collector.collector: ✓ Saved: 001730.webp  (C, q=1.00)
20:39:35 INFO     collector.collector: ✓ Saved: 001731.webp  (C, q=0.82)
20:39:36 INFO     collector.collector: ✓ Saved: 001732.webp  (C, q=1.00)
20:39:37 INFO     collector.collector: ✓ Saved: 001733.webp  (C, q=0.41)
20:39:39 INFO     collector.collector: ✓ Saved: 001734.webp  (C, q=1.00)
20:39:39 INFO     collector.collector: ✓ Saved: 001735.webp  (C, q=0.48)
20:39:39 INFO     collector.collector: ✓ Saved: 001736.webp  (C, q=1.00)
20:39:41 INFO     collector.collector: ✓ Saved: 001737.webp  (C, q=1.00)
20:39:42 INFO     collector.collector: ✓ Saved: 001738.webp  (C, q=1.00)
20:39:43 INFO     collector.collector: ✓ Saved: 001739.webp  (C, q=1.00)
20:39:43 INFO     collector.collector: ✓ Saved: 001740.webp  (C, q=1.00)
20:39:45 INFO     collector.collector: ✓ Saved: 001741.webp  (C, q=0.77)
20:39:45 INFO     collector.collector: ✓ Saved: 001742.webp  (C, q=1.00)
20:39:46 INFO     collector.collector: ✓ Saved: 001743.webp  (C, q=1.00)
20:39:47 INFO     collector.collector: ✓ Saved: 001744.webp  (C, q=1.00)
20:39:47 INFO     collector.collector: ✓ Saved: 001745.webp  (C, q=0.95)
20:39:50 INFO     collector.collector: ✓ Saved: 001746.webp  (C, q=1.00)
20:39:52 INFO     collector.collector: ✓ Saved: 001747.webp  (C, q=1.00)
20:39:52 INFO     collector.collector: ✓ Saved: 001748.webp  (C, q=1.00)
20:39:53 INFO     collector.collector: ✓ Saved: 001749.webp  (C, q=1.00)
20:39:54 INFO     collector.collector: ✓ Saved: 001750.webp  (C, q=1.00)
20:39:54 INFO     collector.collector: ✓ Saved: 001751.webp  (C, q=1.00)
20:39:55 INFO     collector.collector: ✓ Saved: 001752.webp  (C, q=1.00)
20:39:55 INFO     collector.collector: ✓ Saved: 001753.webp  (C, q=1.00)
20:39:55 INFO     collector.collector: ✓ Saved: 001754.webp  (C, q=1.00)
20:39:56 INFO     collector.collector: ✓ Saved: 001755.webp  (C, q=1.00)
20:39:57 INFO     collector.collector: ✓ Saved: 001756.webp  (C, q=1.00)
20:39:58 INFO     collector.collector: ✓ Saved: 001757.webp  (C, q=1.00)
20:39:58 INFO     collector.collector: ✓ Saved: 001758.webp  (C, q=1.00)
20:39:59 WARNING  collector.collector: Cannot open image: /var/folders/kp/vrxg7lfn57x0wclcf4tsybv00000gn/T/portrait_frame_ir9uh1mz/download.jpeg — Image size (150000000 pixels) exceeds limit of 89478485 pixels, could be decompression bomb DOS attack.
20:39:59 WARNING  collector.collector: Cannot open image: /var/folders/kp/vrxg7lfn57x0wclcf4tsybv00000gn/T/portrait_frame_ir9uh1mz/download.jpeg — Image size (150000000 pixels) exceeds limit of 89478485 pixels, could be decompression bomb DOS attack.
20:40:01 INFO     collector.collector: ✓ Saved: 001759.webp  (C, q=1.00)
20:40:02 INFO     collector.collector: ✓ Saved: 001760.webp  (C, q=1.00)
20:40:02 INFO     collector.collector: ✓ Saved: 001761.webp  (C, q=1.00)
20:40:03 INFO     collector.collector: ✓ Saved: 001762.webp  (C, q=1.00)
20:40:05 INFO     collector.collector: ✓ Saved: 001763.webp  (C, q=1.00)
20:40:05 INFO     collector.collector: ✓ Saved: 001764.webp  (C, q=1.00)
20:40:06 INFO     collector.collector: ✓ Saved: 001765.webp  (C, q=0.85)
20:40:06 INFO     collector.collector: ✓ Saved: 001766.webp  (C, q=0.85)
20:40:08 INFO     collector.collector: ✓ Saved: 001767.webp  (C, q=1.00)
20:40:08 INFO     collector.collector: ✓ Saved: 001768.webp  (C, q=1.00)
20:40:08 INFO     collector.collector: ✓ Saved: 001769.webp  (C, q=1.00)
20:40:09 INFO     collector.collector: ✓ Saved: 001770.webp  (C, q=0.69)
20:40:10 INFO     collector.collector: ✓ Saved: 001771.webp  (C, q=0.98)
20:40:11 INFO     collector.collector: ✓ Saved: 001772.webp  (C, q=0.85)
20:40:11 INFO     collector.collector: ✓ Saved: 001773.webp  (C, q=0.85)
20:40:12 INFO     collector.collector: ✓ Saved: 001774.webp  (C, q=1.00)
20:40:13 INFO     collector.collector: ✓ Saved: 001775.webp  (C, q=0.88)
20:40:14 INFO     collector.collector: ✓ Saved: 001776.webp  (C, q=1.00)
20:40:14 INFO     collector.collector: ✓ Saved: 001777.webp  (C, q=0.40)
20:40:16 INFO     collector.collector: ✓ Saved: 001778.webp  (C, q=0.52)
20:40:16 INFO     collector.collector: ✓ Saved: 001779.webp  (C, q=0.52)
20:40:16 INFO     collector.collector: ✓ Saved: 001780.webp  (C, q=0.52)
20:40:17 INFO     collector.collector: ✓ Saved: 001781.webp  (C, q=1.00)
20:40:19 INFO     collector.collector: ✓ Saved: 001782.webp  (C, q=0.93)
20:40:20 INFO     collector.collector: ✓ Saved: 001783.webp  (C, q=1.00)
20:40:20 INFO     collector.collector: ✓ Saved: 001784.webp  (C, q=1.00)
20:40:20 INFO     collector.collector: ✓ Saved: 001785.webp  (C, q=1.00)
20:40:21 INFO     collector.collector: ✓ Saved: 001786.webp  (C, q=1.00)
20:40:22 INFO     collector.collector: ✓ Saved: 001787.webp  (C, q=1.00)
20:40:23 INFO     collector.collector: ✓ Saved: 001788.webp  (C, q=1.00)
20:40:23 INFO     collector.collector: ✓ Saved: 001789.webp  (C, q=1.00)
20:40:24 INFO     collector.collector: ✓ Saved: 001790.webp  (C, q=1.00)
20:40:25 INFO     collector.collector: ✓ Saved: 001791.webp  (C, q=0.57)
20:40:25 INFO     collector.collector: ✓ Saved: 001792.webp  (C, q=0.57)
20:40:27 INFO     collector.collector: ✓ Saved: 001793.webp  (C, q=0.71)
20:40:27 INFO     collector.collector: ✓ Saved: 001794.webp  (C, q=1.00)
20:40:28 INFO     collector.collector: ✓ Saved: 001795.webp  (C, q=1.00)
20:40:30 INFO     collector.collector: ✓ Saved: 001796.webp  (C, q=1.00)
20:40:31 INFO     collector.collector: ✓ Saved: 001797.webp  (C, q=1.00)
20:40:31 INFO     collector.collector: ✓ Saved: 001798.webp  (C, q=1.00)
20:40:32 INFO     collector.collector: ✓ Saved: 001799.webp  (C, q=1.00)
20:40:33 INFO     collector.collector: ✓ Saved: 001800.webp  (C, q=1.00)
20:40:36 INFO     collector.collector: ✓ Saved: 001801.webp  (C, q=1.00)
20:40:37 INFO     collector.collector: ✓ Saved: 001802.webp  (C, q=1.00)
20:40:38 INFO     collector.collector: ✓ Saved: 001803.webp  (C, q=1.00)
20:40:38 INFO     collector.collector: ✓ Saved: 001804.webp  (C, q=1.00)
20:40:38 INFO     collector.collector: ✓ Saved: 001805.webp  (C, q=1.00)
20:40:40 INFO     collector.collector: ✓ Saved: 001806.webp  (C, q=0.93)
20:40:40 INFO     collector.collector: ✓ Saved: 001807.webp  (C, q=0.93)
20:40:41 INFO     collector.collector: ✓ Saved: 001808.webp  (C, q=1.00)
20:40:41 INFO     collector.collector: ✓ Saved: 001809.webp  (C, q=1.00)
20:40:42 INFO     collector.collector: ✓ Saved: 001810.webp  (C, q=0.68)
20:40:43 INFO     collector.collector: ✓ Saved: 001811.webp  (C, q=1.00)
20:40:44 INFO     collector.collector: ✓ Saved: 001812.webp  (C, q=1.00)
20:40:44 INFO     collector.collector: ✓ Saved: 001813.webp  (C, q=1.00)
20:40:46 INFO     collector.collector: ✓ Saved: 001814.webp  (C, q=0.72)
20:40:46 INFO     collector.collector: ✓ Saved: 001815.webp  (C, q=0.61)
20:40:48 INFO     collector.collector: ✓ Saved: 001816.webp  (C, q=1.00)
20:40:48 INFO     collector.collector: ✓ Saved: 001817.webp  (C, q=1.00)
20:40:49 INFO     collector.collector: ✓ Saved: 001818.webp  (C, q=1.00)
20:40:50 INFO     collector.collector: ✓ Saved: 001819.webp  (C, q=1.00)
20:40:52 ERROR    collector.collector: Worker error: Image size (100663296 pixels) exceeds limit of 89478485 pixels, could be decompression bomb DOS attack.
20:40:53 INFO     collector.collector: ✓ Saved: 001820.webp  (C, q=1.00)
20:40:53 INFO     collector.collector: ✓ Saved: 001821.webp  (C, q=1.00)
20:40:54 INFO     collector.collector: ✓ Saved: 001822.webp  (C, q=1.00)
20:40:56 INFO     collector.collector: ✓ Saved: 001823.webp  (C, q=1.00)
20:40:56 INFO     collector.collector: ✓ Saved: 001824.webp  (C, q=1.00)
20:40:57 INFO     collector.collector: ✓ Saved: 001825.webp  (C, q=1.00)
20:40:57 INFO     collector.collector: ✓ Saved: 001826.webp  (C, q=1.00)
20:40:58 INFO     collector.collector: ✓ Saved: 001827.webp  (C, q=1.00)
20:40:58 INFO     collector.collector: ✓ Saved: 001828.webp  (C, q=1.00)
20:40:59 INFO     collector.collector: ✓ Saved: 001829.webp  (C, q=1.00)
20:40:59 INFO     collector.collector: ✓ Saved: 001830.webp  (C, q=1.00)
20:41:00 INFO     collector.collector: ✓ Saved: 001831.webp  (C, q=0.94)
20:41:01 INFO     collector.collector: ✓ Saved: 001832.webp  (C, q=0.76)
20:41:01 INFO     collector.collector: ✓ Saved: 001833.webp  (C, q=1.00)
20:41:03 INFO     collector.collector: ✓ Saved: 001834.webp  (C, q=1.00)
20:41:03 INFO     collector.collector: ✓ Saved: 001835.webp  (C, q=0.82)
20:41:04 INFO     collector.collector: ✓ Saved: 001836.webp  (C, q=1.00)
20:41:04 WARNING  collector.collector: Cannot open image: /var/folders/kp/vrxg7lfn57x0wclcf4tsybv00000gn/T/portrait_frame_ir9uh1mz/download.jpeg — Image size (108000000 pixels) exceeds limit of 89478485 pixels, could be decompression bomb DOS attack.
20:41:06 INFO     collector.collector: ✓ Saved: 001837.webp  (C, q=1.00)
20:41:07 INFO     collector.collector: ✓ Saved: 001838.webp  (C, q=1.00)
20:41:07 INFO     collector.collector: ✓ Saved: 001839.webp  (C, q=1.00)
20:41:07 INFO     collector.collector: ✓ Saved: 001840.webp  (C, q=1.00)
20:41:08 INFO     collector.collector: ✓ Saved: 001841.webp  (C, q=1.00)
20:41:10 INFO     collector.collector: ✓ Saved: 001842.webp  (C, q=0.65)
20:41:13 INFO     collector.collector: ✓ Saved: 001843.webp  (C, q=1.00)
20:41:14 INFO     collector.collector: ✓ Saved: 001844.webp  (C, q=1.00)
20:41:14 INFO     collector.collector: ✓ Saved: 001845.webp  (C, q=0.78)
20:41:15 INFO     collector.collector: ✓ Saved: 001846.webp  (C, q=0.90)
20:41:19 INFO     collector.collector: ✓ Saved: 001847.webp  (C, q=0.85)
20:41:22 INFO     collector.collector: ✓ Saved: 001848.webp  (C, q=0.79)
20:41:23 INFO     collector.collector: ✓ Saved: 001849.webp  (C, q=0.55)
20:41:24 INFO     collector.collector: ✓ Saved: 001850.webp  (C, q=0.95)
20:41:25 INFO     collector.collector: ✓ Saved: 001851.webp  (C, q=1.00)
20:41:25 INFO     collector.collector: ✓ Saved: 001852.webp  (C, q=0.56)
20:41:26 INFO     collector.collector: ✓ Saved: 001853.webp  (C, q=1.00)
20:41:27 INFO     collector.collector: ✓ Saved: 001854.webp  (C, q=0.84)
20:41:27 INFO     collector.collector: ✓ Saved: 001855.webp  (C, q=1.00)
20:41:28 INFO     collector.collector: ✓ Saved: 001856.webp  (C, q=0.63)
20:41:28 INFO     collector.collector: ✓ Saved: 001857.webp  (C, q=0.86)
20:41:29 INFO     collector.collector: ✓ Saved: 001858.webp  (C, q=1.00)
20:41:30 INFO     collector.collector: ✓ Saved: 001859.webp  (C, q=0.89)
20:41:31 INFO     collector.collector: ✓ Saved: 001860.webp  (C, q=1.00)
20:41:31 ERROR    collector.collector: Worker error: Image size (108000000 pixels) exceeds limit of 89478485 pixels, could be decompression bomb DOS attack.
20:41:32 ERROR    collector.collector: Worker error: Image size (108000000 pixels) exceeds limit of 89478485 pixels, could be decompression bomb DOS attack.
20:41:32 WARNING  collector.collector: Cannot open image: /var/folders/kp/vrxg7lfn57x0wclcf4tsybv00000gn/T/portrait_frame_ir9uh1mz/download.jpeg — Image size (108000000 pixels) exceeds limit of 89478485 pixels, could be decompression bomb DOS attack.
20:41:33 INFO     collector.collector: ✓ Saved: 001861.webp  (C, q=0.54)
20:41:34 INFO     collector.collector: ✓ Saved: 001862.webp  (C, q=1.00)
20:41:34 INFO     collector.collector: ✓ Saved: 001863.webp  (C, q=1.00)
20:41:36 INFO     collector.collector: ✓ Saved: 001864.webp  (C, q=1.00)
20:41:36 INFO     collector.collector: ✓ Saved: 001865.webp  (C, q=0.70)
20:41:38 INFO     collector.collector: ✓ Saved: 001866.webp  (C, q=1.00)
20:41:42 INFO     collector.collector: ✓ Saved: 001867.webp  (C, q=1.00)
20:41:42 INFO     collector.collector: ✓ Saved: 001868.webp  (C, q=1.00)
20:41:44 INFO     collector.collector: ✓ Saved: 001869.webp  (C, q=0.34)
20:41:44 INFO     collector.collector: ✓ Saved: 001870.webp  (C, q=0.41)
20:41:47 INFO     collector.collector: ✓ Saved: 001871.webp  (C, q=1.00)
20:41:48 INFO     collector.collector: ✓ Saved: 001872.webp  (C, q=0.99)
20:41:52 INFO     collector.collector: ✓ Saved: 001873.webp  (C, q=1.00)
20:41:53 INFO     collector.collector: ✓ Saved: 001874.webp  (C, q=0.58)
20:41:54 INFO     collector.collector: ✓ Saved: 001875.webp  (C, q=0.48)
20:41:56 INFO     collector.collector: ✓ Saved: 001876.webp  (C, q=0.82)
20:41:56 INFO     collector.collector: ✓ Saved: 001877.webp  (C, q=0.82)
20:41:58 INFO     collector.collector: ✓ Saved: 001878.webp  (C, q=0.98)
20:42:01 INFO     collector.collector: ✓ Saved: 001879.webp  (C, q=0.63)
20:42:01 INFO     collector.collector: ✓ Saved: 001880.webp  (C, q=1.00)
20:42:02 INFO     collector.collector: ✓ Saved: 001881.webp  (C, q=0.92)
20:42:02 INFO     collector.collector: ✓ Saved: 001882.webp  (C, q=0.83)
20:42:03 INFO     collector.collector: ✓ Saved: 001883.webp  (C, q=1.00)
20:42:04 INFO     collector.collector: ✓ Saved: 001884.webp  (C, q=0.72)
20:42:06 INFO     collector.collector: ✓ Saved: 001885.webp  (C, q=1.00)
20:42:07 INFO     collector.collector: ✓ Saved: 001886.webp  (C, q=1.00)
20:42:08 INFO     collector.collector: ✓ Saved: 001887.webp  (C, q=1.00)
20:42:09 INFO     collector.collector: ✓ Saved: 001888.webp  (C, q=1.00)
20:42:09 INFO     collector.collector: ✓ Saved: 001889.webp  (C, q=0.58)
20:42:11 INFO     collector.collector: ✓ Saved: 001890.webp  (C, q=1.00)
20:42:11 INFO     collector.collector: ✓ Saved: 001891.webp  (C, q=1.00)
20:42:12 INFO     collector.collector: ✓ Saved: 001892.webp  (C, q=1.00)
20:42:13 INFO     collector.collector: ✓ Saved: 001893.webp  (C, q=0.53)
20:42:13 INFO     collector.collector: ✓ Saved: 001894.webp  (C, q=0.98)
20:42:16 INFO     collector.collector: ✓ Saved: 001895.webp  (C, q=1.00)
20:42:16 INFO     collector.collector: ✓ Saved: 001896.webp  (C, q=0.74)
20:42:16 INFO     collector.collector: ✓ Saved: 001897.webp  (C, q=0.74)
20:42:18 INFO     collector.collector: ✓ Saved: 001898.webp  (C, q=0.57)
20:42:18 INFO     collector.collector: ✓ Saved: 001899.webp  (C, q=0.49)
20:42:20 INFO     collector.collector: ✓ Saved: 001900.webp  (C, q=0.95)
20:42:20 INFO     collector.collector: ✓ Saved: 001901.webp  (C, q=1.00)
20:42:21 INFO     collector.collector: ✓ Saved: 001902.webp  (C, q=1.00)
20:42:22 INFO     collector.collector: ✓ Saved: 001903.webp  (C, q=1.00)
20:42:24 INFO     collector.collector: ✓ Saved: 001904.webp  (C, q=0.92)
20:42:24 INFO     collector.collector: ✓ Saved: 001905.webp  (C, q=0.92)
20:42:26 INFO     collector.collector: ✓ Saved: 001906.webp  (C, q=1.00)
20:42:27 INFO     collector.collector: ✓ Saved: 001907.webp  (C, q=0.60)
20:42:28 INFO     collector.collector: ✓ Saved: 001908.webp  (C, q=0.51)
20:42:31 INFO     collector.collector: ✓ Saved: 001909.webp  (C, q=1.00)
20:42:31 INFO     collector.collector: ✓ Saved: 001910.webp  (C, q=0.92)
20:42:33 INFO     collector.collector: ✓ Saved: 001911.webp  (C, q=1.00)
20:42:34 INFO     collector.collector: ✓ Saved: 001912.webp  (C, q=0.92)
20:42:35 INFO     collector.collector: ✓ Saved: 001913.webp  (C, q=1.00)
20:42:35 INFO     collector.collector: ✓ Saved: 001914.webp  (C, q=0.83)
20:42:36 INFO     collector.collector: ✓ Saved: 001915.webp  (C, q=0.89)
20:42:38 INFO     collector.collector: ✓ Saved: 001916.webp  (C, q=1.00)
20:42:39 INFO     collector.collector: ✓ Saved: 001917.webp  (C, q=1.00)
20:42:40 INFO     collector.collector: ✓ Saved: 001918.webp  (C, q=1.00)
20:42:46 INFO     collector.collector: ✓ Saved: 001919.webp  (C, q=1.00)
20:42:47 INFO     collector.collector: ✓ Saved: 001920.webp  (C, q=0.51)
20:42:48 INFO     collector.collector: ✓ Saved: 001921.webp  (C, q=0.95)
20:42:49 INFO     collector.collector: ✓ Saved: 001922.webp  (C, q=1.00)
20:42:49 INFO     collector.collector: ✓ Saved: 001923.webp  (C, q=1.00)
20:42:50 INFO     collector.collector: ✓ Saved: 001924.webp  (C, q=1.00)
20:42:51 INFO     collector.collector: ✓ Saved: 001925.webp  (C, q=1.00)
20:42:51 INFO     collector.collector: ✓ Saved: 001926.webp  (C, q=0.66)
20:42:52 INFO     collector.collector: ✓ Saved: 001927.webp  (C, q=1.00)
20:42:53 INFO     collector.collector: ✓ Saved: 001928.webp  (C, q=1.00)
20:42:53 INFO     collector.collector: ✓ Saved: 001929.webp  (C, q=0.87)
20:42:54 INFO     collector.collector: ✓ Saved: 001930.webp  (C, q=0.45)
20:42:55 INFO     collector.collector: ✓ Saved: 001931.webp  (C, q=0.99)
20:42:56 INFO     collector.collector: ✓ Saved: 001932.webp  (C, q=1.00)
20:42:56 INFO     collector.collector: ✓ Saved: 001933.webp  (C, q=1.00)
20:42:58 INFO     collector.collector: ✓ Saved: 001934.webp  (C, q=1.00)
20:42:58 INFO     collector.collector: ✓ Saved: 001935.webp  (C, q=1.00)
20:42:59 INFO     collector.collector: ✓ Saved: 001936.webp  (C, q=1.00)
20:42:59 INFO     collector.collector: ✓ Saved: 001937.webp  (C, q=0.62)
20:43:00 INFO     collector.collector: ✓ Saved: 001938.webp  (C, q=1.00)
20:43:01 INFO     collector.collector: ✓ Saved: 001939.webp  (C, q=1.00)
20:43:01 INFO     collector.collector: ✓ Saved: 001940.webp  (C, q=1.00)
20:43:02 ERROR    collector.collector: Worker error: cannot identify image file '/var/folders/kp/vrxg7lfn57x0wclcf4tsybv00000gn/T/portrait_frame_ir9uh1mz/download.jpeg'
20:43:03 INFO     collector.collector: ✓ Saved: 001941.webp  (C, q=1.00)
20:43:04 INFO     collector.collector: ✓ Saved: 001942.webp  (C, q=0.39)
20:43:04 INFO     collector.collector: ✓ Saved: 001943.webp  (C, q=1.00)
20:43:05 INFO     collector.collector: ✓ Saved: 001944.webp  (C, q=0.58)
20:43:07 INFO     collector.collector: ✓ Saved: 001945.webp  (C, q=1.00)
20:43:07 INFO     collector.collector: ✓ Saved: 001946.webp  (C, q=1.00)
20:43:08 INFO     collector.collector: ✓ Saved: 001947.webp  (C, q=1.00)
20:43:09 INFO     collector.collector: ✓ Saved: 001948.webp  (C, q=0.65)
20:43:09 INFO     collector.collector: ✓ Saved: 001949.webp  (C, q=0.47)
20:43:09 INFO     collector.collector: ✓ Saved: 001950.webp  (C, q=0.47)
20:43:11 INFO     collector.collector: ✓ Saved: 001951.webp  (C, q=1.00)
20:43:11 INFO     collector.collector: ✓ Saved: 001952.webp  (C, q=1.00)
20:43:13 INFO     collector.collector: ✓ Saved: 001953.webp  (C, q=1.00)
20:43:15 INFO     collector.collector: ✓ Saved: 001954.webp  (C, q=1.00)
20:43:15 INFO     collector.collector: ✓ Saved: 001955.webp  (C, q=1.00)
20:43:16 INFO     collector.collector: ✓ Saved: 001956.webp  (C, q=1.00)
20:43:17 INFO     collector.collector: ✓ Saved: 001957.webp  (C, q=1.00)
20:43:19 INFO     collector.collector: ✓ Saved: 001958.webp  (C, q=0.43)
20:43:20 INFO     collector.collector: ✓ Saved: 001959.webp  (C, q=0.78)
20:43:21 INFO     collector.collector: ✓ Saved: 001960.webp  (C, q=1.00)
20:43:22 INFO     collector.collector: ✓ Saved: 001961.webp  (C, q=1.00)
20:43:22 INFO     collector.collector: ✓ Saved: 001962.webp  (C, q=1.00)
20:43:25 INFO     collector.collector: ✓ Saved: 001963.webp  (C, q=0.91)
20:43:25 INFO     collector.collector: ✓ Saved: 001964.webp  (C, q=0.91)
20:43:25 INFO     collector.collector: ✓ Saved: 001965.webp  (C, q=0.91)
20:43:26 INFO     collector.collector: ✓ Saved: 001966.webp  (C, q=1.00)
20:43:27 INFO     collector.collector: ✓ Saved: 001967.webp  (C, q=1.00)
20:43:27 INFO     collector.collector: ✓ Saved: 001968.webp  (C, q=1.00)
20:43:28 INFO     collector.collector: ✓ Saved: 001969.webp  (C, q=1.00)
20:43:28 INFO     collector.collector: ✓ Saved: 001970.webp  (C, q=0.88)
20:43:30 INFO     collector.collector: ✓ Saved: 001971.webp  (C, q=0.58)
20:43:31 INFO     collector.collector: ✓ Saved: 001972.webp  (C, q=0.95)
20:43:32 INFO     collector.collector: ✓ Saved: 001973.webp  (C, q=0.55)
20:43:32 INFO     collector.collector: ✓ Saved: 001974.webp  (C, q=1.00)
20:43:33 INFO     collector.collector: ✓ Saved: 001975.webp  (C, q=0.96)
20:43:35 INFO     collector.collector: ✓ Saved: 001976.webp  (C, q=1.00)
20:43:35 INFO     collector.collector: ✓ Saved: 001977.webp  (C, q=1.00)
20:43:36 INFO     collector.collector: ✓ Saved: 001978.webp  (C, q=0.48)
20:43:36 WARNING  collector.collector: Cannot open image: /var/folders/kp/vrxg7lfn57x0wclcf4tsybv00000gn/T/portrait_frame_ir9uh1mz/download.jpeg — Image size (101756928 pixels) exceeds limit of 89478485 pixels, could be decompression bomb DOS attack.
20:43:39 INFO     collector.collector: ✓ Saved: 001979.webp  (C, q=0.62)
20:43:39 INFO     collector.collector: ✓ Saved: 001980.webp  (C, q=0.62)
20:43:41 INFO     collector.collector: ✓ Saved: 001981.webp  (C, q=1.00)
20:43:41 INFO     collector.collector: ✓ Saved: 001982.webp  (C, q=0.71)
20:43:42 INFO     collector.collector: ✓ Saved: 001983.webp  (C, q=0.52)
20:43:42 INFO     collector.collector: ✓ Saved: 001984.webp  (C, q=0.52)
20:43:43 INFO     collector.collector: ✓ Saved: 001985.webp  (C, q=0.52)
20:43:44 INFO     collector.collector: ✓ Saved: 001986.webp  (C, q=0.50)
20:43:46 INFO     collector.collector: ✓ Saved: 001987.webp  (C, q=0.89)
20:43:46 INFO     collector.collector: ✓ Saved: 001988.webp  (C, q=0.89)
20:43:48 INFO     collector.collector: ✓ Saved: 001989.webp  (C, q=1.00)
20:43:49 INFO     collector.collector: ✓ Saved: 001990.webp  (C, q=1.00)
20:43:49 INFO     collector.collector: ✓ Saved: 001991.webp  (C, q=1.00)
20:43:49 INFO     collector.collector: ✓ Saved: 001992.webp  (C, q=0.55)
20:43:50 WARNING  collector.collector: Cannot open image: /var/folders/kp/vrxg7lfn57x0wclcf4tsybv00000gn/T/portrait_frame_ir9uh1mz/download.jpeg — cannot identify image file '/var/folders/kp/vrxg7lfn57x0wclcf4tsybv00000gn/T/portrait_frame_ir9uh1mz/download.jpeg'
20:43:50 INFO     collector.collector: ✓ Saved: 001993.webp  (C, q=0.85)
20:43:51 INFO     collector.collector: ✓ Saved: 001994.webp  (C, q=0.60)
20:43:52 INFO     collector.collector: ✓ Saved: 001995.webp  (C, q=1.00)
20:43:52 INFO     collector.collector: ✓ Saved: 001996.webp  (C, q=0.69)
20:43:53 INFO     collector.collector: ✓ Saved: 001997.webp  (C, q=1.00)
20:43:53 INFO     collector.collector: ✓ Saved: 001998.webp  (C, q=0.47)
20:43:54 INFO     collector.collector: ✓ Saved: 001999.webp  (C, q=0.25)
20:43:54 INFO     collector.collector: ✓ Saved: 002000.webp  (C, q=0.97)
20:43:55 INFO     collector.collector: ✓ Saved: 002001.webp  (C, q=0.48)
20:43:55 INFO     collector.collector: ✓ Saved: 002002.webp  (C, q=0.69)
20:43:56 INFO     collector.collector: ✓ Saved: 002003.webp  (C, q=0.57)
20:43:57 INFO     collector.collector: ✓ Saved: 002004.webp  (C, q=0.76)
20:43:57 INFO     collector.collector: ✓ Saved: 002005.webp  (C, q=0.49)
20:43:57 INFO     collector.collector: ✓ Saved: 002006.webp  (C, q=0.49)
20:43:58 INFO     collector.collector: ✓ Saved: 002007.webp  (C, q=0.88)
20:43:59 INFO     collector.collector: ✓ Saved: 002008.webp  (C, q=1.00)
20:43:59 INFO     collector.collector: ✓ Saved: 002009.webp  (C, q=1.00)
20:44:00 INFO     collector.collector: ✓ Saved: 002010.webp  (C, q=0.55)
20:44:00 INFO     collector.collector: ✓ Saved: 002011.webp  (C, q=0.48)
20:44:01 INFO     collector.collector: ✓ Saved: 002012.webp  (C, q=1.00)
20:44:02 INFO     collector.collector: ✓ Saved: 002013.webp  (C, q=1.00)
20:44:03 WARNING  collector.collector: Cannot open image: /var/folders/kp/vrxg7lfn57x0wclcf4tsybv00000gn/T/portrait_frame_ir9uh1mz/download.jpeg — cannot identify image file '/var/folders/kp/vrxg7lfn57x0wclcf4tsybv00000gn/T/portrait_frame_ir9uh1mz/download.jpeg'
20:44:03 INFO     collector.collector: ✓ Saved: 002014.webp  (C, q=1.00)
20:44:04 INFO     collector.collector: ✓ Saved: 002015.webp  (C, q=1.00)
20:44:07 INFO     collector.collector: ✓ Saved: 002016.webp  (C, q=0.73)
20:44:07 INFO     collector.collector: [pexels] Done — accepted=459, skipped=469, rejected=58
21:21:24 INFO     collector.collector: Source enabled: wallhaven
21:21:24 INFO     collector.collector: Source enabled: artstation
21:21:24 INFO     collector.collector: Source enabled: unsplash
21:21:24 INFO     collector.collector: Source enabled: pexels
